SKU,Barcode,Marca,Nombre,Precio_original,Precio_+20%,Precio_tachado,Stock,Descripcion,Imagen,URL_producto,Proveedor
LK304,5030009456961,Oxford,Candado Maneta C/Alarma,112.49,134.99,124.99,+10,,https://estaticos.elmotorista.es/prod_images/oxford/505692754art/oxford/candado-maneta-c-alarma-543578_200.webp,candado-maneta-c-alarma-lk304,elmotorista.es
H0SH17ST,8430358642805,Shad,Fijacion Top Master Honda Sh125 17,43.35,52.02,48.17,9,,https://estaticos.elmotorista.es/prod_images/shad/504189405art/shad/fijacion-top-master-honda-sh125-17-262249_200.webp,fijacion-top-master-honda-sh125-17-h0sh17st,elmotorista.es
GPT.00.152.35100/B,4052572050088,Sw-motech,Kit Adaptadores Adventure-Rack Trax Adv/Ion/Evo,20.0,24.0,,7,,https://estaticos.elmotorista.es/prod_images/sw-motech/505081886art/sw-motech/kit-adaptadores-adventure-rack-trax-adv-ion-evo-447889_200.webp,kit-adaptadores-adventure-rack-trax-adv-ion-evo-gpt-00-152-35100-b,elmotorista.es
BA.26.ALP.A,8053045438248,Gpr,Baul Top Case Alpi Tech 26 Lt  Plata C/Parrilla Universal,313.39,376.07,,7,,https://estaticos.elmotorista.es/prod_images/gpr/505645947art/gpr/baul-top-case-alpi-tech-26-lt-plata-c-parrilla-universal-506150_200.webp,baul-top-case-alpi-tech-26-lt-plata-c-parrilla-universal-ba-26-alp-a,elmotorista.es
PLO1192CAM,8019606276735,Givi,Portamaletas Lateral Honda Nc750x 21 Mk Camside,204.14,244.97,247.0,6,,https://estaticos.elmotorista.es/prod_images/givi/504757527art/givi/portamaletas-lateral-honda-nc750x-21-mk-camside-412409_200.webp,portamaletas-lateral-honda-nc750x-21-mk-camside-plo1192cam,elmotorista.es
TRT.00.787.32100/B,4052572236338,Sw-motech,Anillo Deposito Pro Ng,50.0,60.0,,+10,,https://estaticos.elmotorista.es/prod_images/sw-motech/505599519art/sw-motech/anillo-deposito-pro-ng-446958_200.webp,anillo-deposito-pro-ng-trt-00-787-32100-b1,elmotorista.es
BC.WPB.00.025.10000,4052572212806,Sw-motech,"Bolsa Deposito C/Correas Pro Cross Wp 5,5l",99.98,119.98,99.99,6,,https://estaticos.elmotorista.es/prod_images/sw-motech/505599740art/sw-motech/bolsa-deposito-c-correas-pro-cross-wp-5-5l-446996_200.webp,bolsa-deposito-c-correas-pro-cross-wp-5-5l-bc-wpb-00-025-10000,elmotorista.es
TRT.00.475.12000/B,4052572024300,Sw-motech,Anillo Deposito Ion Ng,15.0,18.0,,6,,https://estaticos.elmotorista.es/prod_images/sw-motech/505599093art/sw-motech/anillo-deposito-ion-ng-446891_200.webp,anillo-deposito-ion-ng-trt-00-475-12000-b,elmotorista.es
X0SL041,,Shad,Bolsa Pierna Shad Sl04 Ng 0.5l,18.82,22.58,20.91,+10,,https://estaticos.elmotorista.es/prod_images/shad/505808626art/shad/bolsa-pierna-shad-sl04-ng-0-5l-542102_200.webp,bolsa-pierna-shad-sl04-ng-0-5l-x0sl041,elmotorista.es
X0SL861,,Shad,Mochila Shad Sl86 16l,76.51,91.81,85.0,5,,https://estaticos.elmotorista.es/prod_images/shad/505808624art/shad/mochila-shad-sl86-16l-542096_200.webp,mochila-shad-sl86-16l-x0sl861,elmotorista.es
ALK.00.733.15000/S,4052572029466,Sw-motech,Maleta Trax Adv 38l Pl,399.98,479.98,400.0,5,,https://estaticos.elmotorista.es/prod_images/sw-motech/505081703art/sw-motech/maleta-trax-adv-38l-pl-449544_200.webp,maleta-trax-adv-38l-pl-alk-00-733-15000-s,elmotorista.es
BC.WPB.00.019.10000,4052572029473,Sw-motech,Mochila Plegable Flexpack,25.0,30.0,,5,,https://estaticos.elmotorista.es/prod_images/sw-motech/505598788art/sw-motech/mochila-plegable-flexpack-448231_200.webp,mochila-plegable-flexpack-bc-wpb-00-019-10000,elmotorista.es
GPT.07.945.16000/B,4052572190791,Sw-motech,Portaequipaje Street-Rack Bmw F 900 R / Xr (19-) Ng,179.99,215.99,180.0,5,,https://estaticos.elmotorista.es/prod_images/sw-motech/505383985art/sw-motech/portaequipaje-street-rack-bmw-f-900-r-xr-19-ng-448378_200.webp,portaequipaje-street-rack-bmw-f-900-r-xr-19-ng-gpt-07-945-16000-b,elmotorista.es
OL525,5030009102455,Oxford,Bolsa Deposito Oxford S-Serie Q4s Negro,107.98,129.58,120.0,4,,https://estaticos.elmotorista.es/prod_images/oxford/504414633art/oxford/bolsa-deposito-oxford-s-serie-q4s-negro-308483_200.webp,bolsa-deposito-oxford-s-serie-q4s-negro-504414633,elmotorista.es
K0VR37ST,8430358643451,Shad,Fijacion Top Master Kawasaki Versys 300 X 17,44.09,52.91,49.0,4,,https://estaticos.elmotorista.es/prod_images/shad/504189402art/shad/fijacion-top-master-kawasaki-versys-300-x-17-262348_200.webp,fijacion-top-master-kawasaki-versys-300-x-17-k0vr37st,elmotorista.es
TRT.00.787.21301/B,4052572195079,Sw-motech,Anillo Deposito Pro Yamaha Xt 700 Z Tenere 19,54.99,65.99,,7,,https://estaticos.elmotorista.es/prod_images/sw-motech/505081879art/sw-motech/anillo-deposito-pro-yamaha-xt-700-z-tenere-19-447043_200.webp,anillo-deposito-pro-yamaha-xt-700-z-tenere-19-trt-00-787-21301-b,elmotorista.es
61912911100,9010544249491,Ktm,Soporte Baul Ktm 1290 Super Adventure R 2021-2022,49.07,58.88,,7,,https://estaticos.elmotorista.es/prod_images/ktm/504662844art/ktm/soporte-baul-ktm-1290-super-adventure-r-2021-2022-524606_200.webp,top-case-carrier-61912911100,elmotorista.es
X0SL121M,,Shad,Bolsa Deposito Shad Sl12m 5l Magnetica,53.25,63.9,59.17,6,,https://estaticos.elmotorista.es/prod_images/shad/505808623art/shad/bolsa-deposito-shad-sl12m-5l-magnetica-542095_200.webp,bolsa-deposito-shad-sl12m-5l-magnetica-x0sl121m,elmotorista.es
D0TR37100B,8430358675391,Shad,Baul Tr37 Terra Black Edition,328.49,394.19,365.0,3,,https://estaticos.elmotorista.es/prod_images/shad/504718058art/shad/baul-tr37-terra-black-edition-364094_200.webp,baul-tr37-terra-black-edition-d0tr37100b,elmotorista.es
XL06B,8019606346124,Givi,Bolsa Deposito P/Bf 15-20l L/Xline Tanklock,189.28,227.14,229.0,5,,https://estaticos.elmotorista.es/prod_images/givi/505647138art/givi/bolsa-deposito-p-bf-15-20l-l-xline-tanklock-501714_200.webp,bolsa-deposito-p-bf-15-20l-l-xline-tanklock-xl06b,elmotorista.es
1121FZKITR,8019606170309,Givi,Kit Tornilleria 1121fz,11.51,13.81,13.95,5,,https://estaticos.elmotorista.es/prod_images/givi/504180906art/givi/kit-tornilleria-1121fz-517263_200.webp,kit-tornilleria-1121fz-1121fzkitr,elmotorista.es
ALK.00.733.11000R/B,4052572029435,Sw-motech,Maleta Lateral Derecha Trax Adv M 37l Ng,399.98,479.98,400.0,6,,https://estaticos.elmotorista.es/prod_images/sw-motech/505081700art/sw-motech/maleta-lateral-derecha-trax-adv-m-37l-ng-448089_200.webp,maleta-lateral-derecha-trax-adv-m-37l-ng-alk-00-733-11000r-b,elmotorista.es
GPT.06.799.19000/B,4052572179185,Sw-motech,Portaequipajes Adventure-Rack Ng,184.98,221.98,185.0,6,,https://estaticos.elmotorista.es/prod_images/sw-motech/505600502art/sw-motech/portaequipajes-adventure-rack-ng-448551_200.webp,portaequipajes-adventure-rack-ng-gpt-06-799-19000-b,elmotorista.es
EASY02,8019606400215,Givi,Bolsa Deposito Magnetica Easy-T 6l,57.04,68.45,68.99,+10,,https://estaticos.elmotorista.es/prod_images/givi/505791906art/givi/bolsa-deposito-magnetica-easy-t-6l-533955_200.webp,bolsa-deposito-magnetica-6-lts-easy02,elmotorista.es
EASY08,8019606400192,Givi,Bolsa Sillin Easy-T 23l,98.36,118.03,119.0,4,,https://estaticos.elmotorista.es/prod_images/givi/505791912art/givi/bolsa-sillin-easy-t-23l-533935_200.webp,bolsa-sillin-23l-easy08,elmotorista.es
EASY07,8019606400079,Givi,Bolsa Sillin Seatlock Easy-T 14l,81.82,98.18,99.0,4,,https://estaticos.elmotorista.es/prod_images/givi/505791911art/givi/bolsa-sillin-seatlock-easy-t-14l-533939_200.webp,bolsa-sillin-seatlock-14l-easy07,elmotorista.es
S0JY33ST,8430358692718,Shad,Fijacion Top Master Sym Joyrider 300 22-24,52.91,63.49,58.79,2,,https://estaticos.elmotorista.es/prod_images/shad/505485756art/shad/fijacion-top-master-sym-joyrider-300-22-24-446032_200.webp,fijacion-top-master-sym-joyrider-300-22-24-s0jy33st,elmotorista.es
K0AK57IF,8430358645325,Shad,Fijacion 3p System Kymco Ak 550 17,204.99,245.99,227.76,2,,https://estaticos.elmotorista.es/prod_images/shad/504185357art/shad/fijacion-3p-system-kymco-ak-550-17-264543_200.webp,fijacion-3p-system-kymco-ak-550-17-k0ak57if,elmotorista.es
Y0TR79ST,8430358668874,Shad,Fijacion Top Master Yamaha Tracer 700 Gt,109.55,131.46,121.73,2,,https://estaticos.elmotorista.es/prod_images/shad/504612237art/shad/fijacion-top-master-yamaha-tracer-700-gt-504600_200.webp,fijacion-top-master-yamaha-tracer-700-gt-y0tr79st,elmotorista.es
D1B45E08,8430358497450,Shad,Contratapa Baulete Sh45 Blanco,44.35,53.22,49.27,2,,https://estaticos.elmotorista.es/prod_images/shad/503254789art/shad/contratapa-baulete-sh45-blanco-183324_200.webp,contratapa-baulete-sh45-blanco-d1b45e08,elmotorista.es
BC.TRS.00.409.50100,4052572048702,Sw-motech,Set Con Cinchas + Bolsa Pierna Legend Gear La1,40.0,48.0,,2,,https://estaticos.elmotorista.es/prod_images/sw-motech/505600804art/sw-motech/set-con-cinchas-bolsa-pierna-legend-gear-la1-450129_200.webp,set-con-cinchas-bolsa-pierna-legend-gear-la1-bc-trs-00-409-50100,elmotorista.es
K0FL18ST,8430358663626,Shad,Fijacion Top Master Kymco Filly 125 Abs 2018,60.77,72.92,67.52,4,,https://estaticos.elmotorista.es/prod_images/shad/504372029art/shad/fijacion-top-master-kymco-filly-125-abs-2018-293174_200.webp,fijacion-top-master-kymco-filly-125-abs-2018-k0fl18st,elmotorista.es
Z221,8019606054951,Givi,Goma Recambio P/Portamaletas Lat 1pz,2.67,3.2,3.25,4,,https://estaticos.elmotorista.es/prod_images/givi/501612956art/givi/goma-recambio-p-portamaletas-lat-1pz-308673_200.webp,goma-recambio-p-portamaletas-lat-1pz-z221,elmotorista.es
ALK.00.165.16503,4052572187371,Sw-motech,Juego Cerraduras Cilindricas Trax,13.0,15.6,,9,,https://estaticos.elmotorista.es/prod_images/sw-motech/505081888art/sw-motech/juego-cerraduras-cilindricas-trax-447562_200.webp,juego-cerraduras-cilindricas-trax-alk-00-165-16503,elmotorista.es
CRM105,8019606257598,Givi,Banda Sillin Para Alforjas Crm102/Rm106,22.66,27.19,27.45,6,,https://estaticos.elmotorista.es/prod_images/givi/504587808art/givi/banda-sillin-para-alforjas-crm102-rm106-341287_200.webp,banda-sillin-para-alforjas-crm102-rm106-crm105,elmotorista.es
EASY03,8019606400178,Givi,Bolsa Deposito Tanklock Easy-T 16l,94.21,113.05,113.99,10,,https://estaticos.elmotorista.es/prod_images/givi/505791907art/givi/bolsa-deposito-tanklock-easy-t-16l-533951_200.webp,bolsa-deposiuto-tanklock-16l-easy03,elmotorista.es
BA.26.ALP.B,8053045438279,Gpr,Baul Top Case Alpi Tech 26 Lt Ng C/Parrilla Universal,313.39,376.07,,+10,,https://estaticos.elmotorista.es/prod_images/gpr/505645951art/gpr/baul-top-case-alpi-tech-26-lt-ng-c-parrilla-universal-506148_200.webp,baul-top-case-alpi-tech-26-lt-ng-c-parrilla-universal-ba-26-alp-b,elmotorista.es
GPT.11.953.19000/B,4052572194898,Sw-motech,Portaequipaje Adventure-Rack Ng,144.98,173.98,144.99,5,,https://estaticos.elmotorista.es/prod_images/sw-motech/505600258art/sw-motech/portaequipaje-adventure-rack-ng-448463_200.webp,portaequipaje-adventure-rack-ng-gpt-11-953-19000-b,elmotorista.es
BC.HTA.00.740.30000,4052572198308,Sw-motech,Alforjas Pro Blaze Ng,224.98,269.98,225.0,6,,https://estaticos.elmotorista.es/prod_images/sw-motech/505598882art/sw-motech/alforjas-pro-blaze-ng-446844_200.webp,alforjas-pro-blaze-ng-bc-hta-00-740-30000,elmotorista.es
T0TG90ST,8430358672772,Shad,Fijacion Top Master Triumph Tiger 900/Gt/Rally 20,40.27,48.32,44.75,9,,https://estaticos.elmotorista.es/prod_images/shad/504653352art/shad/fijacion-top-master-triumph-tiger-900-gt-rally-20-346244_200.webp,fijacion-top-master-triumph-tiger-900-gt-rally-20-t0tg90st11,elmotorista.es
X0SL031,,Shad,Bolsa Riñonera Shad Sl03 Ng 2l,36.17,43.4,40.18,6,,https://estaticos.elmotorista.es/prod_images/shad/505808627art/shad/bolsa-rinonera-shad-sl03-ng-2l-542105_200.webp,bolsa-rinonera-shad-sl03-ng-2l-x0sl031,elmotorista.es
T10N,8019606048189,Givi,Red Elastica Portaobjetos Ng,7.05,8.46,8.55,+10,,https://estaticos.elmotorista.es/prod_images/givi/501613037art/givi/red-elastica-portaobjetos-ng-138947_200.webp,red-elastica-portaobjetos-ng-t10n,elmotorista.es
XL04,8019606295415,Givi,Bolsa Deposito L/Xline F/Bf 15/20l Bmw/Ktm,194.23,233.08,234.99,2,,https://estaticos.elmotorista.es/prod_images/givi/505022577art/givi/bolsa-deposito-l-xline-f-bf-15-20l-bmw-ktm-381635_200.webp,bolsa-deposito-l-xline-f-bf-15-20l-bmw-ktm-505022577,elmotorista.es
BF20,8019606184481,Givi,Tank-Lock Honda Cb 500 X 13/18,16.47,19.76,19.95,2,,https://estaticos.elmotorista.es/prod_images/givi/503788820art/givi/tank-lock-honda-cb-500-x-13-18-499028_200.webp,tank-lock-honda-cb-500-x-13-18-bf20,elmotorista.es
R0HM41ST,8430358680203,Shad,Fijacion Top Master Royal Enfield Himalayan 21/22,67.41,80.89,74.9,1,,https://estaticos.elmotorista.es/prod_images/shad/505062819art/shad/fijacion-top-master-royal-enfield-himalayan-21-22-390956_200.webp,fijacion-top-master-royal-enfield-himalayan-21-22-r0hm41st,elmotorista.es
K0DK34SE,8430358606272,Shad,Fijacion Side Bags Ktm Duke 125/250/390 14-15,85.63,102.76,95.14,1,,https://estaticos.elmotorista.es/prod_images/shad/503796666art/shad/fijacion-side-bags-ktm-duke-125-250-390-14-15-221344_200.webp,fijacion-side-bags-ktm-duke-125-250-390-14-15-k0dk34se,elmotorista.es
E166,8019606237934,Givi,Red Elastica Portaobjetos Interior Dlm30/Dlm46,23.07,27.68,27.95,+10,,https://estaticos.elmotorista.es/prod_images/givi/504396030art/givi/red-elastica-portaobjetos-interior-dlm30-dlm46-303607_200.webp,red-elastica-portaobjetos-interior-dlm30-dlm46-e166,elmotorista.es
X0SE04,8430358589254,Shad,Bolsa Deposito Shad Semirrigida 3l Ng,65.68,78.82,72.98,1,,https://estaticos.elmotorista.es/prod_images/shad/503796679art/shad/bolsa-deposito-shad-semirrigida-3l-ng-499096_200.webp,bolsa-deposito-shad-semirrigida-3l-ng-503796679,elmotorista.es
H0CF64ST,8430358579040,Shad,Fijacion Top Master Honda Cb650f/Cbr650f 13/14,91.85,110.22,102.05,3,,https://estaticos.elmotorista.es/prod_images/shad/503767963art/shad/fijacion-top-master-honda-cb650f-cbr650f-13-14-181031_200.webp,fijacion-top-master-honda-cb650f-cbr650f-13-14-h0cf64st,elmotorista.es
TRT.00.787.11500/B,4052572189078,Sw-motech,Anillo Deposito Pro Ng,30.0,36.0,,7,,https://estaticos.elmotorista.es/prod_images/sw-motech/505599314art/sw-motech/anillo-deposito-pro-ng-447017_200.webp,anillo-deposito-pro-ng-trt-00-787-11500-b,elmotorista.es
H0FR33ST,8430358550001,Shad,Soporte Maleta Honda Forza 300 (13)  - Shad H0fr33st,41.1,49.32,45.67,2,,https://estaticos.elmotorista.es/prod_images/shad/503657502art/shad/fijacion-top-master-honda-forza-300-13-18-412564_200.webp,fijacion-top-master-honda-forza-300-13-18-h0fr33st,elmotorista.es
W0RT19ST,8430358499782,Shad,Fijacion Top Master Bmw R1200 Rt 09-12,61.81,74.17,68.67,1,,https://estaticos.elmotorista.es/prod_images/shad/503449568art/shad/fijacion-top-master-bmw-r1200-rt-09-12-80303_200.webp,fijacion-top-master-bmw-r1200-rt-09-12-w0rt19st1,elmotorista.es
H0CB56ST,8430358620773,Shad,Fijacion Top Master Honda Cb 500f 16,140.32,168.38,155.9,3,,https://estaticos.elmotorista.es/prod_images/shad/503906748art/shad/fijacion-top-master-honda-cb-500f-16-228002_200.webp,fijacion-top-master-honda-cb-500f-16-h0cb56st,elmotorista.es
Y0TC98ST,8430358662605,Shad,Fijacion Top Master Yamaha Tracer 900/Gt 18/19,143.75,172.5,159.72,3,,https://estaticos.elmotorista.es/prod_images/shad/504581930art/shad/fijacion-top-master-yamaha-tracer-900-gt-18-19-370160_200.webp,fijacion-top-master-yamaha-tracer-900-gt-18-19-y0tc98st,elmotorista.es
SR1187B,8019606273147,Givi,Fijacion Honda Forza 125/350 21 Mk/Ml,135.96,163.15,164.5,3,,https://estaticos.elmotorista.es/prod_images/givi/504714845art/givi/fijacion-honda-forza-125-350-21-mk-ml-361058_200.webp,fijacion-honda-forza-125-350-21-mk-ml-sr1187b,elmotorista.es
Y0MT36ST,8430358619586,Shad,Fijacion Top Master Yamaha Mt 03 15/16,121.62,145.94,135.14,3,,https://estaticos.elmotorista.es/prod_images/shad/503906615art/shad/fijacion-top-master-yamaha-mt-03-15-16-228001_200.webp,fijacion-top-master-yamaha-mt-03-15-16-y0mt36st,elmotorista.es
T511,8019606184580,Givi,Bolsa Interna Maleta Trekker Outback 42l,61.17,73.4,74.0,4,,https://estaticos.elmotorista.es/prod_images/givi/503796821art/givi/bolsa-interna-maleta-trekker-outback-42l-498991_200.webp,bolsa-interna-maleta-trekker-outback-42l-t511,elmotorista.es
PL174,8019606095381,Givi,Portamaletas Lat. Tubular H. Cbf600,136.79,164.15,165.5,4,,https://estaticos.elmotorista.es/prod_images/givi/501613068art/givi/portamaletas-lat-tubular-h-cbf600-498382_200.webp,portamaletas-lat-tubular-h-cbf600-pl174,elmotorista.es
H0XD77ST,8430358644434,Shad,Fijacion Top Master Honda X-Adventure 750 17,141.35,169.62,157.06,8,,https://estaticos.elmotorista.es/prod_images/shad/504189424art/shad/fijacion-top-master-honda-x-adventure-750-17-262324_200.webp,fijacion-top-master-honda-x-adventure-750-17-h0xd77st,elmotorista.es
E300N2B,8019606349538,Givi,Maleta Ml 30lts Ng Base Cat.Rojo,76.04,91.25,92.0,+10,,https://estaticos.elmotorista.es/prod_images/givi/505613333art/givi/maleta-ml-30lts-ng-base-cat-rojo-492933_200.webp,maleta-ml-30lts-ng-base-cat-rojo-e300n2b,elmotorista.es
H0CR61ST,8430358677456,Shad,Fijacion Top Master Honda Cb650r 21,163.86,196.63,182.07,9,,https://estaticos.elmotorista.es/prod_images/shad/504718323art/shad/fijacion-top-master-honda-cb650r-21-366641_200.webp,fijacion-top-master-honda-cb650r-21-h0cr61st,elmotorista.es
TRT.00.787.30300/B,4052572189375,Sw-motech,Anillo Deposito Pro Suzuki V-Strom 1050 19/,30.0,36.0,,8,,https://estaticos.elmotorista.es/prod_images/sw-motech/505081877art/sw-motech/anillo-deposito-pro-suzuki-v-strom-1050-19-447051_200.webp,anillo-deposito-pro-suzuki-v-strom-1050-19-trt-00-787-30300-b,elmotorista.es
D0MV11ST,8430358678095,Shad,Fijacion Top Master Ducati Multistrada V4 21,39.34,47.21,43.71,1,,https://estaticos.elmotorista.es/prod_images/shad/504724973art/shad/fijacion-top-master-ducati-multistrada-v4-21-369267_200.webp,fijacion-top-master-ducati-multistrada-v4-21-d0mv11st,elmotorista.es
Y0M18T,8430358010277,Shad,Soporte Maleta Yamaha Majesty 125    - Shad   Y0m18t,64.25,77.1,71.39,3,,https://estaticos.elmotorista.es/prod_images/shad/501585750art/shad/soporte-fijacion-yamaha-majesty-125-skyliner-125-98-00-228103_200.webp,soporte-fijacion-yamaha-majesty-125-skyliner-125-98-00-y0m18t,elmotorista.es
H0CF54ST,8430358583313,Shad,Fijacion Top Master Honda Cb500f/Cbr500r 13/15,159.87,191.84,177.63,2,,https://estaticos.elmotorista.es/prod_images/shad/503767016art/shad/fijacion-top-master-honda-cb500f-cbr500r-13-15-221332_200.webp,fijacion-top-master-honda-cb500f-cbr500r-13-15-h0cf54st,elmotorista.es
Y0MT93ST,8430358559677,Shad,Fijacion Top Master Yamaha Mt09,105.81,126.97,117.58,1,,https://estaticos.elmotorista.es/prod_images/shad/503708773art/shad/fijacion-top-master-yamaha-mt09-153663_200.webp,fijacion-top-master-yamaha-mt09-y0mt93st,elmotorista.es
M0VT89ST,8430358670945,Shad,Fijacion Top Master Motoguzzi V85 Tt 19,46.8,56.16,52.02,4,,https://estaticos.elmotorista.es/prod_images/shad/504634232art/shad/fijacion-top-master-motoguzzi-v85-tt-19-347708_200.webp,fijacion-top-master-motoguzzi-v85-tt-19-m0vt89st,elmotorista.es
OL270,5030009102103,Oxford,Bolsa Deposito Oxford Q30r Qr - Negro,194.4,233.28,216.0,1,,https://estaticos.elmotorista.es/prod_images/oxford/504414629art/oxford/bolsa-deposito-oxford-q30r-qr-negro-308336_200.webp,bolsa-deposito-oxford-q30r-qr-negro-ol270,elmotorista.es
T11N,8019606266897,Givi,Red Elastica 27x32cm Trk52-46-33/V56/V47/V46/E460,11.92,14.3,14.45,+10,,https://estaticos.elmotorista.es/prod_images/givi/505029293art/givi/red-elastica-27x32cm-trk52-46-33-v56-v47-v46-e460-411135_200.webp,red-elastica-27x32cm-trk52-46-33-v56-v47-v46-e460-t11n,elmotorista.es
PLO1201MK,8019606335050,Givi,Portamaletas Lateral Mk Honda Xl 750 23,246.3,295.56,298.0,4,,https://estaticos.elmotorista.es/prod_images/givi/505408644art/givi/portamaletas-lateral-mk-honda-xl-750-23-434078_200.webp,portamaletas-lateral-mk-honda-xl-750-23-plo1201mk,elmotorista.es
SR6108,8019606205001,Givi,Fijacion Mk/Ml Kymco Grand Dink 125/300 16/17,47.53,57.04,57.5,5,,https://estaticos.elmotorista.es/prod_images/givi/503937183art/givi/fijacion-mk-ml-kymco-grand-dink-125-300-16-17-233736_200.webp,fijacion-mk-ml-kymco-grand-dink-125-300-16-17-sr6108,elmotorista.es
BC.ALK.00.732.10400/B,4052572029343,Sw-motech,Red Tapa M 28x12cm Ng,15.0,18.0,,7,,https://estaticos.elmotorista.es/prod_images/sw-motech/505601176art/sw-motech/red-tapa-m-28x12cm-ng-448790_200.webp,red-tapa-m-28x12cm-ng-bc-alk-00-732-10400-b,elmotorista.es
K0GL12ST,8430358684522,Shad,Fijacion Top Master Kymco Agility S 50/125/200,34.62,41.54,38.47,+10,,https://estaticos.elmotorista.es/prod_images/shad/505384073art/shad/fijacion-top-master-kymco-agility-s-50-125-200-415785_200.webp,fijacion-top-master-kymco-agility-s-50-125-200-k0gl12st,elmotorista.es
E172,8019606228994,Givi,Respaldo Maleta Trekker Outback 58l New,59.92,71.9,72.5,+10,,https://estaticos.elmotorista.es/prod_images/givi/504351729art/givi/respaldo-maleta-trekker-outback-58l-new-284915_200.webp,respaldo-maleta-trekker-outback-58l-new-504351729,elmotorista.es
PL1161CAM,8019606228611,Givi,Portamaletas Lateral Camside Honda Crf 1000l 18,244.65,293.58,296.0,2,,https://estaticos.elmotorista.es/prod_images/givi/504347712art/givi/portamaletas-lateral-camside-honda-crf-1000l-18-283179_200.webp,portamaletas-lateral-camside-honda-crf-1000l-18-pl1161cam,elmotorista.es
MT505,8019606200167,Givi,Bolsa Deposito L/Metro-T 5 L Tanklock,94.21,113.05,113.99,+10,,https://estaticos.elmotorista.es/prod_images/givi/503897488art/givi/bolsa-deposito-l-metro-t-5-l-tanklock-248444_200.webp,bolsa-deposito-l-metro-t-5-l-tanklock-503897488,elmotorista.es
V37N,8019606229052,Givi,Maletas Laterales V37 Ng Jgo C/Rj,439.7,527.64,532.0,3,,https://estaticos.elmotorista.es/prod_images/givi/504354699art/givi/maletas-laterales-v37-ng-jgo-c-rj-286454_200.webp,maletas-laterales-v37-ng-jgo-c-rj-v37n,elmotorista.es
TRT.00.787.12500/B,4052572189146,Sw-motech,Anillo Deposito Pro Suzuki (5 Tornillos),30.0,36.0,,9,,https://estaticos.elmotorista.es/prod_images/sw-motech/505081698art/sw-motech/anillo-deposito-pro-suzuki-5-tornillos-447022_200.webp,anillo-deposito-pro-suzuki-5-tornillos-trt-00-787-12500-b,elmotorista.es
OBKN48AL,8019606223289,Givi,Maleta Lateral Izquierda Trekker Outback 48l Aluminio New,399.61,479.53,444.0,3,,https://estaticos.elmotorista.es/prod_images/givi/504312386art/givi/maleta-lateral-izquierda-trekker-outback-48l-aluminio-new-278930_200.webp,maleta-lateral-izquierda-trekker-outback-48l-aluminio-new-obkn48al,elmotorista.es
XL06,8019606295439,Givi,Bolsa Deposito L/Xline F/Bf 15/20l,185.97,223.16,225.0,1,,https://estaticos.elmotorista.es/prod_images/givi/505022579art/givi/bolsa-deposito-l-xline-f-bf-15-20l-381633_200.webp,bolsa-deposito-l-xline-f-bf-15-20l-505022579,elmotorista.es
B0TX50ST,8430358671003,Shad,Fijacion Top Master Benelli Trk 502 X 20,49.39,59.27,54.9,3,,https://estaticos.elmotorista.es/prod_images/shad/504634234art/shad/fijacion-top-master-benelli-trk-502-x-20-347717_200.webp,fijacion-top-master-benelli-trk-502-x-20-b0tx50st,elmotorista.es
B37N,8019606150776,Givi,Baul Monolock 37 Lt Negro,135.54,162.65,164.0,8,,https://estaticos.elmotorista.es/prod_images/givi/503495076art/givi/baul-monolock-37-lt-negro-498790_200.webp,baul-monolock-37-lt-negro-b37n,elmotorista.es
SR1186,8019606270542,Givi,Fijacion Honda Forza/X-Adv 750 21-24 Mk/Ml,43.8,52.56,53.0,+10,,https://estaticos.elmotorista.es/prod_images/givi/504709391art/givi/fijacion-honda-forza-x-adv-750-21-24-mk-ml-501499_200.webp,fijacion-honda-forza-x-adv-750-21-mk-ml-sr1186,elmotorista.es
BC.TRS.00.102.30000,4052572182369,Sw-motech,Bolsa Deposito Pro Trial 13/18l Ng,219.98,263.98,220.0,8,,https://estaticos.elmotorista.es/prod_images/sw-motech/505081702art/sw-motech/bolsa-deposito-pro-trial-13-18l-ng-446911_200.webp,bolsa-deposito-pro-trial-13-18l-ng-bc-trs-00-102-30000,elmotorista.es
V45N,8019606327505,Givi,Baul Givi V45 Arena Ng Monokey Catadiop. Rojo 45l,214.06,256.87,259.0,9,,https://estaticos.elmotorista.es/prod_images/givi/505485675art/givi/baul-givi-v45-arena-ng-monokey-catadiop-rojo-45l-445704_200.webp,maleta-monokey-v45-arena-ng-catadrioptico-rojo-45-lts-v45n,elmotorista.es
S0VS14ST,8430358563421,Shad,Fijacion Top Master Suzuki V-Strom 650 14/18,51.41,61.69,57.12,9,,https://estaticos.elmotorista.es/prod_images/shad/503762352art/shad/fijacion-top-master-suzuki-v-strom-650-14-18-412530_200.webp,fijacion-top-master-suzuki-v-strom-650-14-18-s0vs14st1,elmotorista.es
SRA7713,8019606276667,Givi,Fijacion Ktm 1290 Super Adventure R/S 21 Mk,152.9,183.48,185.0,6,,https://estaticos.elmotorista.es/prod_images/givi/504725134art/givi/fijacion-ktm-1290-super-adventure-r-s-21-mk-369619_200.webp,fijacion-ktm-1290-super-adventure-r-s-21-mk-sra7713,elmotorista.es
OBKEV48AR,8019606349590,Givi,Maleta Lateral Trekker Outback Evo 48 Smart Alum Derecha,386.12,463.34,429.01,3,,https://estaticos.elmotorista.es/prod_images/givi/505602296art/givi/maleta-lateral-trekker-outback-evo-48-smart-alum-derecha-478417_200.webp,maleta-lateral-trekker-outback-evo-48-smart-alum-derecha-obkev48ar,elmotorista.es
TRT.00.787.14000/B,4052572189177,Sw-motech,Anillo Deposito Pro Kawasaki (5 Tornillos),30.0,36.0,,5,,https://estaticos.elmotorista.es/prod_images/sw-motech/505081874art/sw-motech/anillo-deposito-pro-kawasaki-5-tornillos-447027_200.webp,anillo-deposito-pro-kawasaki-5-tornillos-trt-00-787-14000-b,elmotorista.es
BF61,8019606278982,Givi,Tank-Lock Yamaha Tenere 700 21,36.36,43.63,44.0,1,,https://estaticos.elmotorista.es/prod_images/givi/504977767art/givi/tank-lock-yamaha-tenere-700-21-373300_200.webp,tank-lock-yamaha-tenere-700-21-bf61,elmotorista.es
OL216,5030009102295,Oxford,Bolsa Deposito Extensible Oxford Q15r - Negro,140.41,168.49,156.01,1,,https://estaticos.elmotorista.es/prod_images/oxford/504413632art/oxford/bolsa-deposito-extensible-oxford-q15r-negro-308274_200.webp,bolsa-deposito-extensible-oxford-q15r-negro-504413632,elmotorista.es
TRK46N,8019606134707,Givi,Maleta Trekker Monokey 46l,302.5,363.0,366.0,3,,https://estaticos.elmotorista.es/prod_images/givi/503208826art/givi/maleta-trekker-monokey-46l-373521_200.webp,maleta-trekker-monokey-46l-503208826,elmotorista.es
E168,8019606225627,Givi,Red Elastica Portaobjetos Tapa Maleta Obk42/Obkn42,13.15,15.78,15.95,6,,https://estaticos.elmotorista.es/prod_images/givi/504355603art/givi/red-elastica-portaobjetos-tapa-maleta-obk42-obkn42-291690_200.webp,red-elastica-portaobjetos-tapa-maleta-obk42-obkn42-e168,elmotorista.es
BF22,8019606190031,Givi,Tank-Lock Bmw S 1000 Rr 12/17,16.47,19.76,19.95,4,,https://estaticos.elmotorista.es/prod_images/givi/503796863art/givi/tank-lock-bmw-s-1000-rr-12-17-496728_200.webp,tank-lock-bmw-s-1000-rr-12-17-bf22,elmotorista.es
BF04,8019606134943,Givi,Soporte/Anclaje Deposito Maletas Givi Tanclock - Kawasaki - Bf04,16.47,19.76,19.95,3,,https://estaticos.elmotorista.es/prod_images/givi/503441060art/givi/tank-lock-kawasaki-496734_200.webp,tank-lock-kawasaki-bf04,elmotorista.es
BC.LOC.00.001.10200/B,4052572039625,Sw-motech,Candado Cremallera Moto Con Combinacion Ng,7.01,8.41,,5,,https://estaticos.elmotorista.es/prod_images/sw-motech/505599758art/sw-motech/candado-cremallera-moto-con-combinacion-ng-447452_200.webp,cerradura-cremallera-moto-ng-bc-loc-00-001-10200-b,elmotorista.es
T468C,8019606282613,Givi,Bolsa Interior Maleta 4l V56 Maxia,45.46,54.55,54.99,7,,https://estaticos.elmotorista.es/prod_images/givi/505029210art/givi/bolsa-interior-maleta-4l-v56-maxia-412330_200.webp,bolsa-interior-maleta-4l-v56-maxia-505029210,elmotorista.es
ALA56A,8019606298690,Givi,Maleta Central Trekker Alaska 56l Aluminio Mk,379.36,455.23,459.0,5,,https://estaticos.elmotorista.es/prod_images/givi/505038773art/givi/maleta-central-trekker-alaska-56l-aluminio-mk-387579_200.webp,maleta-central-trekker-alaska-56l-aluminio-mk-505038773,elmotorista.es
CM328317,,Piaggio,Baul 36l Vespa Gts/Gts Super Nero Xn2 (S/Respaldo),254.32,305.18,289.0,+10,,https://estaticos.elmotorista.es/prod_images/piaggio/505689272art/piaggio/baul-36l-vespa-gts-gts-super-nero-xn2-s-respaldo-532114_200.webp,baul-36l-vespa-gts-nero-xn2-s-respaldo-cm328317,elmotorista.es
BF59,8019606277435,Givi,Tank-Lock Honda Nc750x 21,16.47,19.76,19.95,3,,https://estaticos.elmotorista.es/prod_images/givi/504757528art/givi/tank-lock-honda-nc750x-21-412496_200.webp,tank-lock-honda-nc750x-21-bf59,elmotorista.es
SR5611,8019606202406,Givi,Fijacion Ml P/Intml Piagio Liberty I-Get 50/125/150 16,33.88,40.66,40.99,6,,https://estaticos.elmotorista.es/prod_images/givi/504181352art/givi/fijacion-ml-p-intml-piagio-liberty-i-get-50-125-150-16-261568_200.webp,fijacion-ml-p-intml-piagio-liberty-i-get-50-125-150-16-sr5611,elmotorista.es
A0SP19ST,8430358483057,Shad,Soporte Maleta Aprilia Sportcity One 125   - Shad  A0sp19st ,58.9,70.68,65.45,8,,https://estaticos.elmotorista.es/prod_images/shad/503125586art/shad/fijacion-top-master-aprilia-sportcity-one-125-09-16-80104_200.webp,fijacion-top-master-aprilia-sportcity-one-125-09-16-a0sp19st,elmotorista.es
V56N,8019606194787,Givi,Baul Givi V56 Maxia 4 Ng Monokey,314.07,376.88,380.0,1,,https://estaticos.elmotorista.es/prod_images/givi/503776408art/givi/baul-givi-v56-maxia-4-ng-monokey-259385_200.webp,baul-givi-v56-maxia-4-ng-monokey-v56n,elmotorista.es
CM328315,,Piaggio,Baul 36l Vespa Gts Super Sport Nero Matt Nv (S/Respaldo),254.32,305.18,289.0,9,,https://estaticos.elmotorista.es/prod_images/piaggio/505689278art/piaggio/baul-36l-vespa-gts-super-sport-nero-matt-nv-s-respaldo-512561_200.webp,baul-36l-vespa-gts-super-sport-nero-matt-nv-s-respaldo-cm328315,elmotorista.es
Z115R,8019606105592,Givi,Rec Maleta Cordon De Sujecion Apertura 2 Piezas,4.65,5.58,5.65,5,,https://estaticos.elmotorista.es/prod_images/givi/502909962art/givi/rec-maleta-cordon-de-sujecion-apertura-2-piezas-308675_200.webp,rec-maleta-cordon-de-sujecion-apertura-2-piezas-z115r,elmotorista.es
D0TR37100,8430358667068,Shad,Baul Tr37 Terra Aluminio,310.5,372.6,345.0,2,,https://estaticos.elmotorista.es/prod_images/shad/504633527art/shad/baul-tr37-terra-aluminio-341115_200.webp,baul-tr37-terra-aluminio-d0tr37100,elmotorista.es
E340N2,8019606352637,Givi,Baul Ml 34l E340/Vision Ng Base Ng,96.69,116.03,116.99,9,,https://estaticos.elmotorista.es/prod_images/givi/505627938art/givi/baul-ml-34l-e340-vision-ng-base-ng-492935_200.webp,baul-ml-34l-e340-vision-ng-base-ng-e340n2,elmotorista.es
D0TR48100,8430358667051,Shad,Baul Tr48 Terra Aluminio,350.91,421.09,389.9,10,,https://estaticos.elmotorista.es/prod_images/shad/504633528art/shad/baul-tr48-terra-aluminio-341264_200.webp,baul-tr48-terra-aluminio-d0tr48100,elmotorista.es
BA.35.ALP.A,8053045438255,Gpr,Baul Top Case Alpi Tech 35 Lt. Plata C/Parrilla Universal,337.59,405.11,,9,,https://estaticos.elmotorista.es/prod_images/gpr/505645948art/gpr/baul-top-case-alpi-tech-35-lt-plata-c-parrilla-universal-484935_200.webp,baul-top-case-alpi-tech-35-lt-silver-c-parrilla-universal-ba-35-alp-a,elmotorista.es
Z126,8019606053350,Givi,Gomas Parrilla Monorack / Wingrack 4 Unds,4.24,5.09,5.15,+10,,https://estaticos.elmotorista.es/prod_images/givi/501612927art/givi/gomas-parrilla-monorack-wingrack-4-unds-107417_200.webp,gomas-parrilla-monorack-wingrack-4-unds-z1261,elmotorista.es
ALA56B,8019606298706,Givi,Maleta Central Trekker Alaska 56l Negro Mk,428.12,513.74,518.0,6,,https://estaticos.elmotorista.es/prod_images/givi/505047631art/givi/maleta-central-trekker-alaska-56l-negro-mk-390139_200.webp,maleta-central-trekker-alaska-56l-negro-mk-505047631,elmotorista.es
BF05,8019606134950,Givi,Anclaje/Soporte Deposito Maletas Givi Tank-Lock Yamaha -Bf05,16.47,19.76,19.95,6,,https://estaticos.elmotorista.es/prod_images/givi/503255388art/givi/tank-lock-yamaha-498692_200.webp,tank-lock-yamaha-bf05,elmotorista.es
OBKEVS33AR,8019606349620,Givi,Maleta Lateral Trekker Outback Evo 33 Scantonata Alum Dcha ,369.9,443.88,411.0,4,,https://estaticos.elmotorista.es/prod_images/givi/505602303art/givi/maleta-lateral-trekker-outback-evo-33-scantonata-alum-dcha-478428_200.webp,maleta-lateral-trekker-outback-evo-33-scantonata-alum-dcha-obkevs33ar,elmotorista.es
BC.ALK.00.732.10700/B,4052572039663,Sw-motech,Bolsa Expansion Trax Wp M/L Maletas Trax Wp,79.99,95.99,80.01,7,,https://estaticos.elmotorista.es/prod_images/sw-motech/505395311art/sw-motech/bolsa-expansion-trax-wp-m-l-maletas-trax-wp-446930_200.webp,bolsa-expansion-trax-wp-m-l-maletas-trax-wp-505395311,elmotorista.es
V47NN,8019606159021,Givi,Baul Mk 47l. Ng Cat/Rj Tapa Ng Carb,238.85,286.62,289.0,5,,https://estaticos.elmotorista.es/prod_images/givi/503518881art/givi/baul-mk-47l-ng-cat-rj-tapa-ng-carb-256453_200.webp,baul-mk-47l-ng-cat-rj-tapa-ng-carb-v47nn,elmotorista.es
V37NN,8019606239020,Givi,Maletas Laterales V37 Ng/Carb Jgo C/Rj,412.42,494.9,499.0,2,,https://estaticos.elmotorista.es/prod_images/givi/504387355art/givi/maletas-laterales-v37-ng-carb-jgo-c-rj-375498_200.webp,maletas-laterales-v37-ng-carb-jgo-c-rj-v37nn,elmotorista.es
T490B,8019606282583,Givi,Bolsa Interior Maleta 52l Trk52,63.65,76.38,77.0,5,,https://estaticos.elmotorista.es/prod_images/givi/505029256art/givi/bolsa-interior-maleta-52l-trk52-412397_200.webp,bolsa-interior-maleta-52l-trk52-505029256,elmotorista.es
W0ST18ST,8430358664463,Shad,Fijacion Top Master Wottan Storm T 125 18/20,101.12,121.34,112.36,6,,https://estaticos.elmotorista.es/prod_images/shad/504664392art/shad/fijacion-top-master-wottan-storm-t-125-18-20-352698_200.webp,fijacion-top-master-wottan-storm-t-125-18-20-w0st18st,elmotorista.es
V47NT,8019606150868,Givi,Baul Mk 47l. Ng Cat/Transp Tapa Alum.,259.53,311.44,314.0,4,,https://estaticos.elmotorista.es/prod_images/givi/503454752art/givi/baul-mk-47l-ng-cat-transp-tapa-alum-256459_200.webp,baul-mk-47l-ng-cat-transp-tapa-alum-503454752,elmotorista.es
BF51,8019606260260,Givi,Tank-Lock Ktm 390 Adventure 20,46.69,56.03,56.49,4,,https://estaticos.elmotorista.es/prod_images/givi/504638980art/givi/tank-lock-ktm-390-adventure-20-341522_200.webp,tank-lock-ktm-390-adventure-20-bf51,elmotorista.es
TRT.00.787.12700/B,4052572189153,Sw-motech,Anillo Deposito Pro Bmw (Depositos Sin Tornillos),54.99,65.99,,6,,https://estaticos.elmotorista.es/prod_images/sw-motech/505081876art/sw-motech/anillo-deposito-pro-bmw-depositos-sin-tornillos-447023_200.webp,anillo-deposito-pro-bmw-depositos-sin-tornillos-trt-00-787-12700-b,elmotorista.es
S0BN69ST,8430358485686,Shad,Soporte Maleta Suzuki Bandit 650    - Shad  S0bn68st,118.92,142.7,132.13,5,,https://estaticos.elmotorista.es/prod_images/shad/503124935art/shad/fijacion-top-master-suzuki-bandit-650-05-16-227617_200.webp,fijacion-top-master-suzuki-bandit-650-05-16-s0bn69st,elmotorista.es
E161,8019606202284,Givi,Red Elastica Portaobjetos Tapa Maleta Obk58,15.65,18.78,18.95,+10,,https://estaticos.elmotorista.es/prod_images/givi/503906345art/givi/red-elastica-portaobjetos-tapa-maleta-obk58-237776_200.webp,red-elastica-portaobjetos-tapa-maleta-obk58-e161,elmotorista.es
ALA36BPACK2,8019606257253,Givi,Maletas Laterales Trekker Alaska Aluminio 36l Black Monokey,462.84,555.41,560.0,6,,https://estaticos.elmotorista.es/prod_images/givi/504587109art/givi/maletas-laterales-trekker-alaska-aluminio-36l-black-monokey-378402_200.webp,maletas-laterales-trekker-alaska-aluminio-36l-black-monokey-ala36bpack2,elmotorista.es
SR684,8019606096012,Givi,Soporte Maleta Bmw R 1200 Gs  - Givi Sr684,89.26,107.11,108.0,2,,https://estaticos.elmotorista.es/prod_images/givi/501612481art/givi/fijacion-monokey-bmw-r-1200-gs-04-12-montaje-s-soporte-origi-80298_200.webp,fijacion-monokey-bmw-r-1200-gs-04-12-montaje-s-soporte-origi-sr684,elmotorista.es
H0XV77ST,8430358646148,Shad,Fijacion Top Master Honda X-Adv 750 17/18,46.73,56.08,51.92,3,,https://estaticos.elmotorista.es/prod_images/shad/504305286art/shad/fijacion-top-master-honda-x-adv-750-17-18-273153_200.webp,fijacion-top-master-honda-x-adv-750-17-18-h0xv77st,elmotorista.es
M9A,8019606237828,Givi,Parrilla Monokey Plata ,97.11,116.53,117.5,+10,,https://estaticos.elmotorista.es/prod_images/givi/504376770art/givi/parrilla-monokey-plata-295021_200.webp,parrilla-monokey-plata-m9a,elmotorista.es
E173,8019606229007,Givi,Respaldo Maleta Trekker Outback 42l New,50.01,60.01,60.5,+10,,https://estaticos.elmotorista.es/prod_images/givi/504351730art/givi/respaldo-maleta-trekker-outback-42l-new-284916_200.webp,respaldo-maleta-trekker-outback-42l-new-504351730,elmotorista.es
D0B26100,8430358507258,Shad,Baulete Sh-26 Negro New,59.29,71.15,65.87,+10,,https://estaticos.elmotorista.es/prod_images/shad/503320168art/shad/baulete-sh-26-negro-new-430727_200.webp,baulete-sh-26-negro-new-503320168,elmotorista.es
OL901,5030009018657,Oxford,Pack 3 Bolsas Oxford Aqua Wp (5/7/12l),28.13,33.76,31.25,3,,https://estaticos.elmotorista.es/prod_images/oxford/504446201art/oxford/pack-3-bolsas-oxford-aqua-wp-5-7-12l-314752_200.webp,pack-3-bolsas-oxford-aqua-wp-5-7-12l-504446201,elmotorista.es
1B002447,,Piaggio,Kit Soporte Baul Piaggio Liberty,78.99,94.79,79.0,+10,,https://estaticos.elmotorista.es/prod_images/piaggio/503832776art/piaggio/kit-soporte-baul-piaggio-liberty-213748_200.webp,kit-soporte-baul-piaggio-liberty-503832776,elmotorista.es
T512,8019606184597,Givi,Bolsa Interior Waterproof 58l Trekker Outback 58l,65.71,78.85,79.5,+10,,https://estaticos.elmotorista.es/prod_images/givi/503804533art/givi/bolsa-interior-waterproof-58l-trekker-outback-58l-498992_200.webp,bolsa-interior-waterproof-58l-trekker-outback-58l-t512,elmotorista.es
H0NT75ST,8430358616493,Shad,Fijacion Top Master Honda Nc750 X-S 16-21,110.49,132.59,122.77,+10,,https://estaticos.elmotorista.es/prod_images/shad/503906670art/shad/fijacion-top-master-honda-nc750-x-s-16-21-228003_200.webp,fijacion-top-master-honda-nc750-x-s-16-h0nt75st,elmotorista.es
SR5129,8019606240200,Givi,Fijacion Bmw F750/850gs 18 Ml/Mk,114.05,136.86,138.0,2,,https://estaticos.elmotorista.es/prod_images/givi/504393107art/givi/fijacion-bmw-f750-850gs-18-ml-mk-303748_200.webp,fijacion-bmw-f750-850gs-18-ml-mk-sr5129,elmotorista.es
P0LS52ST,8430358042674,Shad,Fijacion Top Master Peugeot Elystar 50/125/150 02/12,58.99,70.79,65.55,1,,https://estaticos.elmotorista.es/prod_images/shad/501585778art/shad/fijacion-top-master-peugeot-elystar-50-125-150-02-12-256246_200.webp,fijacion-top-master-peugeot-elystar-50-125-150-02-12-p0ls52st,elmotorista.es
B37NT,8019606150806,Givi,Baul Monolock 37 Lt Negro C/Catadriopt. Ahumado,135.54,162.65,164.0,8,,https://estaticos.elmotorista.es/prod_images/givi/503495078art/givi/baul-monolock-37-lt-negro-c-catadriopt-ahumado-392880_200.webp,baul-monolock-37-lt-negro-c-catadriopt-ahumado-503495078,elmotorista.es
V0FL13ST,8430358542839,Shad,Soporte Maleta Piaggio Fly 125 (13-14)  - Shad  V0fl13st,25.48,30.58,28.31,3,,https://estaticos.elmotorista.es/prod_images/shad/503517593art/shad/fijacion-top-master-piaggio-fly-125-13-14-498555_200.webp,fijacion-top-master-piaggio-fly-125-13-14-v0fl13st11,elmotorista.es
X0SE09CLP,8430358691544,Shad,Bolsa De Deposito Click System E09cl Pro,107.11,128.53,119.0,+10,,https://estaticos.elmotorista.es/prod_images/shad/505602847art/shad/bolsa-de-deposito-click-system-e09cl-pro-459259_200.webp,bolsa-de-deposito-click-system-e09cl-pro-x0se09clp,elmotorista.es
Y0XM25ST,8430358053366,Shad,Fijacion Top Master Yamaha X-Max 125/250 05/09,72.1,86.52,80.11,3,,https://estaticos.elmotorista.es/prod_images/shad/501920940art/shad/fijacion-top-master-yamaha-x-max-125-250-05-09-110417_200.webp,fijacion-top-master-yamaha-x-max-125-250-05-09-y0xm25st,elmotorista.es
Z0U110ST,8430358675056,Shad,Fijacion Top Master Zontes U/U1 125,135.77,162.92,150.86,10,,https://estaticos.elmotorista.es/prod_images/shad/504700182art/shad/fijacion-top-master-zontes-u-u1-125-501930_200.webp,herrajes-z0u110st,elmotorista.es
X0SE09CM,8430358691704,Shad,Tank Bag 5 L Mid Position Click System,80.09,96.11,89.0,2,,https://estaticos.elmotorista.es/prod_images/shad/505677108art/shad/tank-bag-5-l-mid-position-click-system-542107_200.webp,tank-bag-5-l-mid-position-click-system-x0se09cm,elmotorista.es
V0LB19ST,8430358489608,Shad,Soporte Maleta Liberty 125  (09-10)   - Shad   V0lb19st,38.55,46.26,42.83,+10,,https://estaticos.elmotorista.es/prod_images/shad/503192440art/shad/fijacion-top-master-piaggio-liberty-50-125-09-19-80095_200.webp,fijacion-top-master-piaggio-liberty-50-125-09-19-v0lb19st,elmotorista.es
K0AK57ST,8430358645318,Shad,Fijacion Top Master Kymco Ak 550 2017,101.12,121.34,112.36,3,,https://estaticos.elmotorista.es/prod_images/shad/504185355art/shad/fijacion-top-master-kymco-ak-550-2017-262248_200.webp,fijacion-top-master-kymco-ak-550-2017-k0ak57st,elmotorista.es
E251,8019606168887,Givi,Parrilla Givi Monokey - E251,45.87,55.04,55.5,+10,,https://estaticos.elmotorista.es/prod_images/givi/503669822art/givi/parrilla-monokey-completa-227105_200.webp,parrilla-monokey-completa-e251,elmotorista.es
K0XC48ST,8430358664951,Shad,Fijacion Top Master Kymco Xciting 400 S 18,75.84,91.01,84.26,8,,https://estaticos.elmotorista.es/prod_images/shad/504379126art/shad/fijacion-top-master-kymco-xciting-400-s-18-297175_200.webp,fijacion-top-master-kymco-xciting-400-s-18-k0xc48st,elmotorista.es
D0TR55200B,8430358687226,Shad,Baul Tr55 Terra Pure Ng,449.1,538.92,499.0,+10,,https://estaticos.elmotorista.es/prod_images/shad/505426657art/shad/baul-tr55-terra-pure-ng-435448_200.webp,baul-tr55-terra-pure-ng-d0tr55200b,elmotorista.es
S0BN60ST,8430358035089,Shad,Fijacion Top Master Bandit 600/1200 00/04,88.85,106.62,98.74,3,,https://estaticos.elmotorista.es/prod_images/shad/501585741art/shad/fijacion-top-master-bandit-600-1200-00-04-498443_200.webp,fijacion-top-master-bandit-600-1200-00-04-s0bn60st1,elmotorista.es
X0SE09CL,8430358684683,Shad,Bolsa Deposito Click System E09cl 9l,93.56,112.27,103.95,3,,https://estaticos.elmotorista.es/prod_images/shad/505383028art/shad/bolsa-deposito-click-system-e09cl-9l-415864_200.webp,bolsa-deposito-click-system-e09cl-9l-505383028,elmotorista.es
SLR102,8019606346063,Givi,Kit Cierre Smart Security Lock 2 Maletas Obke,25.97,31.16,31.45,10,,https://estaticos.elmotorista.es/prod_images/givi/505602306art/givi/kit-cierre-smart-security-lock-2-maletas-obke-501501_200.webp,kit-cierre-smart-security-lock-2-maletas-obke-slr102,elmotorista.es
E340NT2,8019606352620,Givi,Baul Ml 34 Lts.E3401/Vision Tech.Negro,96.69,116.03,116.99,5,,https://estaticos.elmotorista.es/prod_images/givi/505627939art/givi/baul-ml-34-lts-e3401-vision-tech-negro-492934_200.webp,baul-ml-34-lts-e3401-vision-tech-negro-e340nt2,elmotorista.es
M8A,8019606201799,Givi,Parrilla Monokey Aluminio Anod. ,97.11,116.53,117.5,5,,https://estaticos.elmotorista.es/prod_images/givi/503906508art/givi/parrilla-monokey-aluminio-anod-499393_200.webp,parrilla-monokey-aluminio-anod-m8a,elmotorista.es
D0B48406R,8430358665132,Shad,Baulete Sh48 Negro/Titanio Tapa Carbono Y Respaldo New,220.5,264.6,245.0,+10,,https://estaticos.elmotorista.es/prod_images/shad/504400622art/shad/baulete-sh48-negro-titanio-tapa-carbono-y-respaldo-new-305854_200.webp,baulete-sh48-negro-titanio-tapa-carbono-y-respaldo-new-504400622,elmotorista.es
E196,8019606257802,Givi,Respaldo E340 Vision,27.26,32.71,33.0,+10,,https://estaticos.elmotorista.es/prod_images/givi/504611994art/givi/respaldo-e340-vision-339102_200.webp,respaldo-e340-vision-504611994,elmotorista.es
SR6107,8019606195173,Givi,Fijacion Monokey/Monolock Kymco Super Dink 125/350 15/18,45.87,55.04,55.5,1,,https://estaticos.elmotorista.es/prod_images/givi/503937185art/givi/fijacion-monokey-monolock-kymco-super-dink-125-350-15-18-233740_200.webp,fijacion-monokey-monolock-kymco-super-dink-125-350-15-18-sr6107,elmotorista.es
SR9430,8019606301734,Givi,Fijacion Ktm 890 Adventure 21/22 Mk/Ml,77.27,92.72,93.5,3,,https://estaticos.elmotorista.es/prod_images/givi/505029749art/givi/fijacion-ktm-890-adventure-21-22-mk-ml-411010_200.webp,fijacion-husqvarna-norden-901-22-mk-ml-sr9430,elmotorista.es
SRA9260,8019606354440,Givi,Fijacion Posterior Mk C/Mk Voge Valico 900 Dsx 24,118.2,141.84,143.0,4,,https://estaticos.elmotorista.es/prod_images/givi/505622160art/givi/fijacion-posterior-mk-c-mk-voge-valico-900-dsx-24-506552_200.webp,fijacion-posterior-mk-c-mk-voge-valico-900-dsx-24-sra9260,elmotorista.es
BC.TRS.00.107.30000,4052572182321,Sw-motech,Bolsa Deposito Pro Engage 7-10l,169.98,203.98,170.0,7,,https://estaticos.elmotorista.es/prod_images/sw-motech/505599104art/sw-motech/bolsa-deposito-pro-engage-7-10l-446906_200.webp,bolsa-deposito-pro-engage-7-10l-bc-trs-00-107-30000,elmotorista.es
TRK52N,8019606148407,Givi,Maleta Trekker Monokey 52l,306.63,367.96,371.0,8,,https://estaticos.elmotorista.es/prod_images/givi/503441781art/givi/maleta-trekker-monokey-52l-498910_200.webp,maleta-trekker-monokey-52l-5034417811,elmotorista.es
SRA5134,8019606247285,Givi,Fijacion Bmw F 850 Gs Adventure 19 Mk,154.57,185.48,187.01,2,,https://estaticos.elmotorista.es/prod_images/givi/504590394art/givi/fijacion-bmw-f-850-gs-adventure-19-mk-501522_200.webp,fijacion-bmw-f-850-gs-adventure-19-mk-sra5134,elmotorista.es
B47NTML,8019606147820,Givi,Baul B47 Blade Ml 47l Negro Cat Transp,151.25,181.5,183.0,10,,https://estaticos.elmotorista.es/prod_images/givi/503420152art/givi/baul-b47-blade-ml-47l-negro-cat-transp-229690_200.webp,baul-b47-blade-ml-47l-negro-cat-transp-503420152,elmotorista.es
OBKEV37AL,8019606348418,Givi,Maleta Lateral Trekker Outback Evo 37 Smart Alum Izquierda,369.9,443.88,411.0,5,,https://estaticos.elmotorista.es/prod_images/givi/505602298art/givi/maleta-lateral-trekker-outback-evo-37-smart-alum-izquierda-478421_200.webp,maleta-lateral-trekker-outback-evo-37-smart-alum-izquierda-obkev37al1,elmotorista.es
EA115BK,8019606210111,Givi,Bolso Sillin Givi Easy-T 40l Impermeable Ng,61.99,74.39,75.0,+10,,https://estaticos.elmotorista.es/prod_images/givi/504115559art/givi/bolso-sillin-givi-easy-t-40l-impermeable-ng-499524_200.webp,bolso-sillin-givi-easy-t-40l-impermeable-ng-ea115bk,elmotorista.es
BF11,8019606147684,Givi,Tank-Lock Bmw Multistrada Krs 1200 10>13/00>04 K1200r,16.47,19.76,19.95,1,,https://estaticos.elmotorista.es/prod_images/givi/503328584art/givi/tank-lock-bmw-multistrada-krs-1200-10-13-00-04-k1200r-498961_200.webp,tank-lock-bmw-multistrada-krs-1200-10-13-00-04-k1200r-bf11,elmotorista.es
E131,8019606144676,Givi,Respaldo Maleta Givi  B37/B47,29.34,35.21,35.5,+10,,https://estaticos.elmotorista.es/prod_images/givi/503441000art/givi/respaldo-b37-b47-498731_200.webp,respaldo-b37-b47-e131,elmotorista.es
D0B29100,8430358507265,Shad,Baulete Sh-29 New Ng,68.43,82.12,76.02,+10,,https://estaticos.elmotorista.es/prod_images/shad/503254776art/shad/baulete-sh-29-new-ng-412689_200.webp,baulete-sh-29-new-ng-5032547761,elmotorista.es
SR6106,8019606183934,Givi,Fijacion Ml Kymco Agility City 125 (14-25),27.26,32.71,33.0,+10,,https://estaticos.elmotorista.es/prod_images/givi/504181348art/givi/fijacion-ml-kymco-agility-city-125-14-25-262455_200.webp,fijacion-ml-kymco-agility-50-125-150-200-r16-14-18-sr6106,elmotorista.es
PLO1178MK,8019606258335,Givi,Portamaletas Lateral Pl One-Fit Honda Crf1100l Africa Twin A,208.69,250.43,252.5,1,,https://estaticos.elmotorista.es/prod_images/givi/504637267art/givi/portamaletas-lateral-pl-one-fit-honda-crf1100l-africa-twin-a-501558_200.webp,portamaletas-lateral-pl-one-fit-honda-crf1100l-africa-twin-a-s-20-plo1178mk,elmotorista.es
R0VN13ST,8430358688445,Shad,Fijacion Top Master Rieju Aventura 125,35.24,42.29,39.16,+10,,https://estaticos.elmotorista.es/prod_images/shad/505385563art/shad/fijacion-top-master-rieju-aventura-125-415898_200.webp,top-master-rieju-aventura-125-r0vn13st,elmotorista.es
SR6112,8019606238849,Givi,Fijacion Kymco Xciting 400s 18-24 Mk/Ml,80.17,96.2,97.01,4,,https://estaticos.elmotorista.es/prod_images/givi/504396363art/givi/fijacion-kymco-xciting-400s-18-24-mk-ml-305347_200.webp,fijacion-kymco-xciting-400s-18-24-mk-ml-504396363,elmotorista.es
TRT.00.787.16001/B,4052572218068,Sw-motech,Anillo Deposito Pro Ng,30.0,36.0,,8,,https://estaticos.elmotorista.es/prod_images/sw-motech/505599322art/sw-motech/anillo-deposito-pro-ng-447028_200.webp,anillo-deposito-pro-ng-trt-00-787-16001-b,elmotorista.es
W0FG78ST,8430358665439,Shad,Fijacion Top Master Bmw F750gs /F850gs,114.34,137.21,127.05,2,,https://estaticos.elmotorista.es/prod_images/shad/504612224art/shad/fijacion-top-master-bmw-f750gs-f850gs-412533_200.webp,fijacion-top-master-bmw-f750gs-f850gs-w0fg78st1,elmotorista.es
TRT.00.787.30000/B,4052572189368,Sw-motech,Anillo Deposito Pro Ng,60.0,72.0,,7,,https://estaticos.elmotorista.es/prod_images/sw-motech/505599339art/sw-motech/anillo-deposito-pro-ng-447050_200.webp,anillo-deposito-pro-ng-trt-00-787-30000-b,elmotorista.es
BF25,8019606203458,Givi,Tank-Lock Honda Africa Twin Adventure Sports 18,16.47,19.76,19.95,9,,https://estaticos.elmotorista.es/prod_images/givi/503908608art/givi/tank-lock-honda-africa-twin-adventure-sports-18-230509_200.webp,tank-lock-honda-africa-twin-adventure-sports-18-bf25,elmotorista.es
CM328304,,Piaggio,Baul 36l Vespa Gts Supertech Blu Dy (S/Respaldo),254.32,305.18,289.0,5,,https://estaticos.elmotorista.es/prod_images/piaggio/505689283art/piaggio/baul-36l-vespa-gts-supertech-blu-dy-s-respaldo-521832_200.webp,baul-36l-vespa-gts-supertech-blu-dy-s-respaldo-cm328304,elmotorista.es
SR1171,8019606349743,Givi,Soporte Honda Nx 500 (2024),84.3,101.16,102.0,9,,https://estaticos.elmotorista.es/prod_images/givi/505465970art/givi/soporte-honda-nx-500-2024-443672_200.webp,soporte-honda-nx-500-2024-sr1171,elmotorista.es
BC.WPB.00.024.10000,4052572217221,Sw-motech,Bolsa Deposito Pro City Wp 9l Ng,219.98,263.98,220.0,6,,https://estaticos.elmotorista.es/prod_images/sw-motech/505081871art/sw-motech/bolsa-deposito-pro-city-wp-9l-ng-446903_200.webp,bolsa-deposito-pro-city-wp-9l-ng-bc-wpb-00-024-10000,elmotorista.es
TRT.00.787.12000/B,4052572189092,Sw-motech,Anillo Deposito Pro Ng,30.0,36.0,,6,,https://estaticos.elmotorista.es/prod_images/sw-motech/505599316art/sw-motech/anillo-deposito-pro-ng-447019_200.webp,anillo-deposito-pro-ng-trt-00-787-12000-b,elmotorista.es
D0RI40,8430358699793,Shad,Respaldo Riñonera Sh29/Sh33/Sh34 Ng,25.54,30.65,28.37,+10,,https://estaticos.elmotorista.es/prod_images/shad/501585847art/shad/respaldo-rinonera-sh29-sh33-sh34-ng-499492_200.webp,respaldo-rinonera-sh29-sh33-sh34-ng-501585847,elmotorista.es
E344,8019606102171,Givi,Fijacion Piaggio Beverly 250/400/500  05 S/Parrilla,34.72,41.66,42.0,2,,https://estaticos.elmotorista.es/prod_images/givi/502910292art/givi/fijacion-piaggio-beverly-250-400-500-05-s-parrilla-496630_200.webp,fijacion-piaggio-beverly-250-400-500-05-s-parrilla-e344,elmotorista.es
H0NG76ST,8430358622494,Shad,Fijacion Top Master Honda Integra 750 16,106.29,127.55,118.1,1,,https://estaticos.elmotorista.es/prod_images/shad/503906417art/shad/fijacion-top-master-honda-integra-750-16-376379_200.webp,fijacion-top-master-honda-integra-750-16-h0ng76st,elmotorista.es
1B000815,,Piaggio,Soporte Baul Cromado Vespa Primavera Y S Sprint,113.52,136.22,129.0,+10,,https://estaticos.elmotorista.es/prod_images/piaggio/503686798art/piaggio/soporte-baul-cromado-vespa-primavera-y-s-sprint-505122_200.webp,soporte-baul-cromado-vespa-primavera-y-s-sprint-1b000815,elmotorista.es
D0B34106,8430358627338,Shad,Baulete Sh34 New Negro C/ Tapa Carbono,85.84,103.01,95.37,+10,,https://estaticos.elmotorista.es/prod_images/shad/504305281art/shad/baulete-sh34-new-negro-c-tapa-carbono-331876_200.webp,baulete-sh34-new-negro-c-tapa-carbono-50430528111,elmotorista.es
SR6101,8019606150981,Givi,Fijacion Ml Kymco G-Dink 125/300 12/16,107.45,128.94,130.0,4,,https://estaticos.elmotorista.es/prod_images/givi/503527454art/givi/fijacion-ml-kymco-g-dink-125-300-12-16-221287_200.webp,fijacion-ml-kymco-g-dink-125-300-12-16-sr6101,elmotorista.es
EASY15,8019606400208,Givi,Bolsa Túnel Scooter 20l,69.43,83.32,84.0,5,,https://estaticos.elmotorista.es/prod_images/givi/505791920art/givi/bolsa-tunel-scooter-20l-533913_200.webp,bolsa-tunel-scooter-20l-easy15,elmotorista.es
V0YR11ST,8430358511941,Shad,Fijacion Top Master Piaggio Mp3 Yourban 125/300 11/16,77.62,93.14,86.25,5,,https://estaticos.elmotorista.es/prod_images/shad/503247233art/shad/fijacion-top-master-piaggio-mp3-yourban-125-300-11-16-412541_200.webp,fijacion-top-master-piaggio-mp3-yourban-125-300-11-16-v0yr11st,elmotorista.es
D0B45100R,,Shad,Baulete Sh45 New Ng Y Respaldo,152.99,183.59,170.0,2,,https://estaticos.elmotorista.es/prod_images/shad/504731759art/shad/baulete-sh45-new-ng-y-respaldo-412741_200.webp,baulete-sh45-new-ng-y-respaldo-504731759,elmotorista.es
K0GL14ST,8430358562165,Shad,Fijacion Top Master Kymco Agility City 16 14/18,43.08,51.7,47.86,+10,,https://estaticos.elmotorista.es/prod_images/shad/503723215art/shad/fijacion-top-master-kymco-agility-city-16-14-18-288071_200.webp,fijacion-top-master-kymco-agility-city-16-14-18-k0gl14st,elmotorista.es
BC.TRS.00.101.30000,4052572182352,Sw-motech,Bolsa Deposito Pro Sport 12-17l,209.98,251.98,210.0,7,,https://estaticos.elmotorista.es/prod_images/sw-motech/505599106art/sw-motech/bolsa-deposito-pro-sport-12-17l-446910_200.webp,bolsa-deposito-pro-sport-12-17l-505599106,elmotorista.es
D0B40100,8430358507289,Shad,Baulete Sh40 Ng/Ng,118.66,142.39,131.85,+10,,https://estaticos.elmotorista.es/prod_images/shad/503260985art/shad/baulete-sh40-ng-ng-498860_200.webp,baulete-sh40-ng-ng-5032609851,elmotorista.es
BF19,8019606183347,Givi,Tank-Lock Bmw G 650 Gs 11-14  - Bf19,36.36,43.63,44.0,3,,https://estaticos.elmotorista.es/prod_images/givi/503734908art/givi/tank-lock-bmw-g-650-gs-11-17-499025_200.webp,tank-lock-bmw-g-650-gs-11-17-bf19,elmotorista.es
1B000789,,Piaggio,Parrilla Trasera Vespa Cromado,175.11,210.13,199.0,2,,https://estaticos.elmotorista.es/prod_images/piaggio/503687196art/piaggio/parrilla-trasera-vespa-cromado-306446_200.webp,parrilla-trasera-vespa-cromado-1b000789,elmotorista.es
BC.LOC.00.002.10100/B,4052572045107,Sw-motech,Cable Seguridad Equipaje Moto Ng,16.0,19.2,,7,,https://estaticos.elmotorista.es/prod_images/sw-motech/505600186art/sw-motech/cable-seguridad-equipaje-moto-ng-447139_200.webp,cable-seguridad-equipaje-moto-ng-bc-loc-00-002-10100-b,elmotorista.es
1B000681,,Piaggio,Soporte Baul,175.11,210.13,199.0,+10,,https://estaticos.elmotorista.es/prod_images/piaggio/504344236art/piaggio/soporte-baul-501153_200.webp,complete-carrier-black-1b000681,elmotorista.es
D0B23100,8430358620506,Shad,Maletas Laterales Sh23 Jgo Ng,166.5,199.8,185.0,+10,,https://estaticos.elmotorista.es/prod_images/shad/504179691art/shad/maletas-laterales-sh23-jgo-ng-258136_200.webp,maletas-laterales-sh23-jgo-ng-504179691,elmotorista.es
D0B47106,8430358673717,Shad,Baul Sh47 Ng Catadioptrico Trans,170.92,205.1,189.9,+10,,https://estaticos.elmotorista.es/prod_images/shad/504664298art/shad/baul-sh47-ng-catadioptrico-trans-370145_200.webp,baul-sh47-ng-catadioptrico-trans-5046642981,elmotorista.es
D0TR47100RB,8430358675438,Shad,Maleta Lateral Derecha Tr47r Terra Black Edition,377.1,452.52,419.0,3,,https://estaticos.elmotorista.es/prod_images/shad/504719150art/shad/maleta-lateral-derecha-tr47r-terra-black-edition-371309_200.webp,maleta-lateral-derecha-tr47r-terra-black-edition-d0tr47100rb1,elmotorista.es
SR80,,Givi,Soporte Maleta Kymco Dink 150   97   - Givi,45.87,55.04,55.5,9,,https://estaticos.elmotorista.es/prod_images/givi/501612489art/givi/fijacion-kymco-dink-150-97-498719_200.webp,fijacion-kymco-dink-150-97-sr80,elmotorista.es
D0B40199,8430358507296,Shad,Baulete Sh40 New Cargo Ng,134.1,160.92,149.0,6,,https://estaticos.elmotorista.es/prod_images/shad/503325119art/shad/baulete-sh40-new-cargo-ng-498861_200.webp,baulete-sh40-new-cargo-ng-503325119,elmotorista.es
BC.WPB.00.022.10000,4052572201572,Sw-motech,Bolsa Deposito Pro Yukon Wp C/Anillo Superior 6l Ng,159.99,191.99,160.0,7,,https://estaticos.elmotorista.es/prod_images/sw-motech/505081872art/sw-motech/bolsa-deposito-pro-yukon-wp-c-anillo-superior-6l-ng-446912_200.webp,bolsa-deposito-pro-yukon-wp-c-anillo-superior-6l-ng-bc-wpb-00-022-10000,elmotorista.es
1B00001600BR,,Piaggio,Baul Vespa Blanco Luna 544,169.84,203.81,193.0,5,,https://estaticos.elmotorista.es/prod_images/piaggio/503686590art/piaggio/baul-vespa-blanco-luna-544-440632_200.webp,baul-vespa-blanco-luna-544-503686590,elmotorista.es
OBKEV37BR,8019606349255,Givi,Maleta Lateral Trekker Outback Evo 37 Smart Ng Derecha,399.61,479.53,444.0,5,,https://estaticos.elmotorista.es/prod_images/givi/505602302art/givi/maleta-lateral-trekker-outback-evo-37-smart-ng-derecha-478426_200.webp,maleta-lateral-trekker-outback-evo-37-smart-ng-derecha-obkev37br,elmotorista.es
K0SP19KT,8430358526129,Shad,Fijacion Top Master Kymco Superdink 125 09/15 (Sin Refuerzo),64.61,77.53,71.79,6,,https://estaticos.elmotorista.es/prod_images/shad/503686938art/shad/fijacion-top-master-kymco-superdink-125-09-15-sin-refuerzo-499189_200.webp,fijacion-top-master-kymco-superdink-125-09-15-sin-refuerzo-k0sp19kt,elmotorista.es
D0TR47100L,8430358667075,Shad,Maleta Lateral Izquierda Tr47l Terra Aluminio,346.41,415.69,384.9,5,,https://estaticos.elmotorista.es/prod_images/shad/504633531art/shad/maleta-lateral-izquierda-tr47l-terra-aluminio-341221_200.webp,maleta-lateral-izquierda-tr47l-terra-aluminio-d0tr47100l,elmotorista.es
Z0G110ST,8430358674516,Shad,Fijacion Top Master Zontes G1 125,133.9,160.68,148.78,5,,https://estaticos.elmotorista.es/prod_images/shad/504700180art/shad/fijacion-top-master-zontes-g1-125-358254_200.webp,herrajes-z0g110st,elmotorista.es
201722R,8430358492288,Shad,Llaves Y Bombin Sh26/29/32/33/37/40/45/46,10.66,12.79,11.85,+10,,https://estaticos.elmotorista.es/prod_images/shad/503192441art/shad/llaves-y-bombin-sh26-29-32-33-37-40-45-46-523323_200.webp,llaves-y-bombin-sh26-29-32-33-37-40-45-46-201722r1,elmotorista.es
K0DT31ST,8430358683013,Shad,Fijacion Top Master Kymco Dtx 125/360 21/22,118.83,142.6,132.04,+10,,https://estaticos.elmotorista.es/prod_images/shad/505038776art/shad/fijacion-top-master-kymco-dtx-125-360-21-22-387539_200.webp,fijacion-top-master-kymco-dtx-125-360-21-22-k0dt31st,elmotorista.es
201896R,8430358508767,Shad,Bombin Cerradura Sh48/Sh49/Sh50/Sh58x/Sh59x,19.0,22.8,21.15,6,,https://estaticos.elmotorista.es/prod_images/shad/503517678art/shad/bombin-cerradura-sh48-sh49-sh50-sh58x-sh59x-501909_200.webp,bombin-cerradura-sh48-sh49-sh50-sh58x-sh59x-201896r11,elmotorista.es
D0B48300,8430358505230,Shad,Baul Sh-48 Gris Oscuro/Negro New,188.12,225.74,209.0,+10,,https://estaticos.elmotorista.es/prod_images/shad/504400614art/shad/baul-sh-48-gris-oscuro-negro-new-305851_200.webp,baul-sh-48-gris-oscuro-negro-new-d0b48300,elmotorista.es
D0B47206,8430358673724,Shad,Baul Sh47 Ng Catadioptrico Rj,170.92,205.1,189.9,+10,,https://estaticos.elmotorista.es/prod_images/shad/504664297art/shad/baul-sh47-ng-catadioptrico-rj-370142_200.webp,baul-sh47-ng-catadioptrico-rj-5046642971,elmotorista.es
D0B37100,8430358494954,Shad,Baulete Sh-37 New Ng,107.11,128.53,119.0,+10,,https://estaticos.elmotorista.es/prod_images/shad/503191566art/shad/baulete-sh-37-new-ng-498579_200.webp,baulete-sh-37-new-ng-50319156611,elmotorista.es
Y0CY17ST,8430358092464,Shad,Soporte Maleta Yamaha Cignus X 125  - Shad   Y0cy17st,60.55,72.66,67.28,4,,https://estaticos.elmotorista.es/prod_images/shad/502819063art/shad/fijacion-top-master-yamaha-cygnus-x-125-07-16-498804_200.webp,fijacion-top-master-yamaha-cygnus-x-125-07-16-y0cy17st,elmotorista.es
D0B46200,8430358644779,Shad,Baulete Sh46 New Ng,146.07,175.28,162.3,+10,,https://estaticos.elmotorista.es/prod_images/shad/504281654art/shad/baulete-sh46-new-ng-269571_200.webp,baulete-sh46-new-ng-504281654,elmotorista.es
BC.ZUB.00.064.30000,4052572025673,Sw-motech,Bolsillo Interior Impermeable,9.99,11.99,,9,,https://estaticos.elmotorista.es/prod_images/sw-motech/505599950art/sw-motech/bolsillo-interior-impermeable-447484_200.webp,bolsillo-interior-impermeable-bc-zub-00-064-30000,elmotorista.es
D0B44100,8430358675858,Shad,Baulete Sh44 Ng,122.92,147.5,136.58,+10,,https://estaticos.elmotorista.es/prod_images/shad/505055874art/shad/baulete-sh44-ng-394578_200.webp,d0b44100-505055874,elmotorista.es
V58NN,8019606326478,Givi,Baul Givi V58 Maxia 5 Ng 58l Base/Tapa Negra Cat/Rj,379.36,455.23,459.0,1,,https://estaticos.elmotorista.es/prod_images/givi/505376998art/givi/baul-givi-v58-maxia-5-ng-58l-base-tapa-negra-cat-rj-415087_200.webp,baul-givi-v58-maxia-5-ng-58l-base-tapa-negra-cat-rj-505376998,elmotorista.es
E46NT,8019606298522,Givi,Baul E46 Riviera 46l Ng/Catadioptrico Ahumado,179.34,215.21,217.0,1,,https://estaticos.elmotorista.es/prod_images/givi/505077928art/givi/baul-e46-riviera-46l-ng-catadioptrico-ahumado-412854_200.webp,baul-e46-riviera-46l-ng-catadioptrico-rojo-e46nt,elmotorista.es
D0TR55100B,8430358679900,Shad,Baul Tr 55 Terra Black Edition,449.1,538.92,499.0,6,,https://estaticos.elmotorista.es/prod_images/shad/505074465art/shad/baul-tr-55-terra-black-edition-393378_200.webp,baul-tr-55-terra-black-edition-d0tr55100b,elmotorista.es
TRT.00.787.16100/B,4052572197561,Sw-motech,Anillo Deposito Pro Triumph (6 Tornillos),30.0,36.0,,7,,https://estaticos.elmotorista.es/prod_images/sw-motech/505419548art/sw-motech/anillo-deposito-pro-triumph-6-tornillos-447029_200.webp,anillo-deposito-pro-triumph-6-tornillos-trt-00-787-16100-b,elmotorista.es
CM272946,,Piaggio,Baul 32l Vespa Bl B04,175.11,210.13,199.0,1,,https://estaticos.elmotorista.es/prod_images/piaggio/505438565art/piaggio/baul-32l-vespa-bl-b04-445649_200.webp,baul-32l-vespa-bl-b04-5054385651,elmotorista.es
H0DV10ST,8430358670266,Shad,Fijacion Top Master Africa Twin Crf 1100l Adventure Sport,51.41,61.69,57.12,5,,https://estaticos.elmotorista.es/prod_images/shad/504612220art/shad/fijacion-top-master-africa-twin-crf-1100l-adventure-sport-501933_200.webp,fijacion-top-master-africa-twin-crf-1100l-adventure-sport-h0dv10st,elmotorista.es
OBKEV37BL,8019606349248,Givi,Maleta Lateral Trekker Outback Evo 37 Smart Ng Izquierda,399.61,479.53,444.0,5,,https://estaticos.elmotorista.es/prod_images/givi/505602299art/givi/maleta-lateral-trekker-outback-evo-37-smart-ng-izquierda-478422_200.webp,maleta-lateral-trekker-outback-evo-37-smart-ng-izquierda-obkev37bl,elmotorista.es
K0XC42ST,8430358548107,Shad,Soporte Maleta Kymco Xciting   400   - Shad  K0xc42st,76.76,92.11,85.3,1,,https://estaticos.elmotorista.es/prod_images/shad/503686303art/shad/fijacion-top-master-kymco-xciting-400-13-17-412593_200.webp,fijacion-top-master-kymco-xciting-400-13-17-k0xc42st,elmotorista.es
Y0TR14ST,8430358583894,Shad,Fijacion Top Master Yamaha Tricity 125 14/16,35.6,42.72,39.54,2,,https://estaticos.elmotorista.es/prod_images/shad/503767024art/shad/fijacion-top-master-yamaha-tricity-125-14-16-499022_200.webp,fijacion-top-master-yamaha-tricity-125-14-16-y0tr14st1,elmotorista.es
D0B39100,8430358548763,Shad,Baulete Sh39 Ng,116.91,140.29,129.91,+10,,https://estaticos.elmotorista.es/prod_images/shad/503687462art/shad/baulete-sh39-ng-498831_200.webp,baul-sh39-ng-d0b391001,elmotorista.es
D0TR55100,8430358679894,Shad,Baul Tr 55 Terra ,405.0,486.0,450.0,8,,https://estaticos.elmotorista.es/prod_images/shad/505074464art/shad/baul-tr-55-terra-393371_200.webp,baul-tr-55-terra-d0tr55100,elmotorista.es
OBKEVS33BR,8019606349613,Givi,Maleta Lateral Trekker Outback Evo 33 Scantonata Ng Dcha ,399.61,479.53,444.0,1,,https://estaticos.elmotorista.es/prod_images/givi/505602304art/givi/maleta-lateral-trekker-outback-evo-33-scantonata-ng-dcha-478431_200.webp,maleta-lateral-trekker-outback-evo-33-scantonata-ng-dcha-obkevs33br,elmotorista.es
606002M,,Piaggio,Soporte Baul/Parrilla Vespa Negro Mate,113.52,136.22,129.0,+10,,https://estaticos.elmotorista.es/prod_images/piaggio/503788477art/piaggio/soporte-baul-parrilla-vespa-negro-mate-535269_200.webp,soporte-baul-parrilla-vespa-negro-mate-606002m,elmotorista.es
1B009271,,Piaggio,Soporte Baul 32l Aprilia Sxr 50 ,82.73,99.28,94.0,+10,,https://estaticos.elmotorista.es/prod_images/piaggio/504731746art/piaggio/soporte-baul-32l-aprilia-sxr-50-531461_200.webp,soporte-baul-32l-aprilia-sxr-50-1b009271,elmotorista.es
BA.45.ALP.A,8053045441385,Gpr,Baul Top Case Alpi-Tech 45 Lt Plata C/Parrilla Universal,361.79,434.15,,+10,,https://estaticos.elmotorista.es/prod_images/gpr/505645949art/gpr/baul-top-case-alpi-tech-45-lt-plata-c-parrilla-universal-506154_200.webp,baul-top-case-alpi-tech-45-lt-plata-c-parrilla-universal-ba-45-alp-a,elmotorista.es
OBKEV58A,8019606348401,Givi,Maleta Central Trekker Outback Evo 58 Smart Aluminio,459.9,551.88,511.0,+10,,https://estaticos.elmotorista.es/prod_images/givi/505602289art/givi/maleta-central-trekker-outback-evo-58-smart-aluminio-478398_200.webp,maleta-central-trekker-outback-evo-58-smart-aluminio-obkev58a,elmotorista.es
H0FR11ST,8430358676176,Shad,Fijacion Top Master Honda Forza 125/300 21,120.79,144.95,134.21,5,,https://estaticos.elmotorista.es/prod_images/shad/504709296art/shad/fijacion-top-master-honda-forza-125-300-21-360223_200.webp,fijacion-top-master-honda-forza-125-300-21-h0fr11st,elmotorista.es
OBKEV48BL,8019606349262,Givi,Maleta Lateral Trekker Outback Evo 48 Smart Ng Izquierda,405.0,486.0,450.0,5,,https://estaticos.elmotorista.es/prod_images/givi/505602295art/givi/maleta-lateral-trekker-outback-evo-48-smart-ng-izquierda-478413_200.webp,maleta-lateral-trekker-outback-evo-48-smart-ng-izquierda-obkev48bl,elmotorista.es
H0NT73ST,8430358565005,Shad,Fijacion Top Master Honda Nc700 12/13 Nc750 14/15,99.16,118.99,110.18,1,,https://estaticos.elmotorista.es/prod_images/shad/503737662art/shad/fijacion-top-master-honda-nc700-12-13-nc750-14-15-499015_200.webp,fijacion-top-master-honda-nc700-12-13-nc750-14-15-h0nt73st,elmotorista.es
V0TH11ST,8430358509399,Shad,Fijacion Top Master Piaggio Thypoon 50/125 11/18,79.58,95.5,88.43,2,,https://estaticos.elmotorista.es/prod_images/shad/503319712art/shad/fijacion-top-master-piaggio-thypoon-50-125-11-18-412607_200.webp,fijacion-top-master-piaggio-thypoon-50-125-11-18-v0th11st,elmotorista.es
BC.TRS.00.104.30000,4052572182284,Sw-motech,Bolsa De Deposito Pro City 11/14l Ng,209.98,251.98,210.0,6,,https://estaticos.elmotorista.es/prod_images/sw-motech/505081691art/sw-motech/bolsa-de-deposito-pro-city-11-14l-ng-446902_200.webp,bolsa-de-deposito-pro-city-11-14l-ng-bc-trs-00-104-30000,elmotorista.es
CM272912,,Piaggio,Baul Vespa Gris Titanio 742/B,171.6,205.92,195.0,1,,https://estaticos.elmotorista.es/prod_images/piaggio/503898637art/piaggio/baul-vespa-gris-titanio-742-b-440670_200.webp,baul-vespa-gris-titanio-742-b-5038986371,elmotorista.es
W0SX10ST,8430358674493,Shad,Fijacion Top Master Bmw S1000xr 20,39.2,47.04,43.56,1,,https://estaticos.elmotorista.es/prod_images/shad/504670398art/shad/fijacion-top-master-bmw-s1000xr-20-352723_200.webp,fijacion-top-master-bmw-s1000xr-20-w0sx10st,elmotorista.es
D0B48306R,8430358665125,Shad,Baulete Sh48 Negro/Gris Oscuro Tapa Carbono Y Respaldo New,220.5,264.6,245.0,2,,https://estaticos.elmotorista.es/prod_images/shad/504400621art/shad/baulete-sh48-negro-gris-oscuro-tapa-carbono-y-respaldo-new-305853_200.webp,baulete-sh48-negro-gris-oscuro-tapa-carbono-y-respaldo-new-504400621,elmotorista.es
BC.ALK.00.732.10000/B,4052572026953,Sw-motech,Bolsa Interior Trax M/L Ng,54.99,65.99,,8,,https://estaticos.elmotorista.es/prod_images/sw-motech/505599302art/sw-motech/bolsa-interior-trax-m-l-ng-447004_200.webp,bolsa-interior-trax-m-l-ng-bc-alk-00-732-10000-b,elmotorista.es
D1TV80R,8430358071094,Shad,Maneta Atv 110 / Atv 80,24.46,29.35,27.19,1,,https://estaticos.elmotorista.es/prod_images/shad/502916076art/shad/maneta-atv-110-atv-80-502777_200.webp,maneta-atv-110-atv-80-d1tv80r,elmotorista.es
D0TR47100LB,8430358675445,Shad,Maleta Lateral Izquierda Tr47l Terra Black Edition,368.11,441.73,409.0,2,,https://estaticos.elmotorista.es/prod_images/shad/504719151art/shad/maleta-lateral-izquierda-tr47l-terra-black-edition-371311_200.webp,maleta-lateral-izquierda-tr47l-terra-black-edition-d0tr47100lb1,elmotorista.es
OL290,5030009103063,Oxford,Bolsa Deposito Oxford Q4r - Negro,123.75,148.5,137.5,1,,https://estaticos.elmotorista.es/prod_images/oxford/504413635art/oxford/bolsa-deposito-oxford-q4r-negro-308358_200.webp,bolsa-deposito-oxford-q4r-negro-ol2901,elmotorista.es
K0GD38ST,8430358665798,Shad,Fijacion Top Master Kymco Grand Dink 300i,78.37,94.04,87.08,2,,https://estaticos.elmotorista.es/prod_images/shad/504612229art/shad/fijacion-top-master-kymco-grand-dink-300i-502618_200.webp,fijacion-top-master-kymco-grand-dink-300i-k0gd38st,elmotorista.es
H0CB73SR,8430358688384,Shad,Fijacion Side Bag Honda Cb750 Hornet,136.92,164.3,152.13,1,,https://estaticos.elmotorista.es/prod_images/shad/505378401art/shad/fijacion-side-bag-honda-cb750-hornet-23-521958_200.webp,fijacion-side-bag-honda-cb750-hornet-h0cb73sr,elmotorista.es
BC.HTA.00.304.30000,4052572198070,Sw-motech,Bolsa Trasera Pro Rearbag 22/34l Ng/Gr Antr,219.98,263.98,220.0,6,,https://estaticos.elmotorista.es/prod_images/sw-motech/505081694art/sw-motech/bolsa-trasera-pro-rearbag-22-34l-ng-gr-antr-447477_200.webp,bolsa-trasera-pro-rearbag-22-34l-ng-gr-antr-bc-hta-00-304-30000,elmotorista.es
20580N,8435529328588,Puig,Kit Instalacion Baules Puig Sym Symphony Sr50/125,59.71,71.65,,4,,https://estaticos.elmotorista.es/prod_images/puig/505023472art/puig/kit-instalacion-baules-puig-sym-symphony-sr50-125-410506_200.webp,kit-instalacion-baules-puig-sym-symphony-sr50-125-20580n,elmotorista.es
Y0MT16ST,8430358629455,Shad,Fijacion Top Master Yamaha Mt 10 16/17,79.5,95.4,88.33,2,,https://estaticos.elmotorista.es/prod_images/shad/504183582art/shad/fijacion-top-master-yamaha-mt-10-16-17-259789_200.webp,fijacion-top-master-yamaha-mt-10-16-17-y0mt16st1,elmotorista.es
CM271103,,Piaggio,Baul Piaggio Blanco Perla 566 32l,158.98,190.78,158.99,8,,https://estaticos.elmotorista.es/prod_images/piaggio/503832768art/piaggio/baul-piaggio-blanco-perla-566-32l-442927_200.webp,kit-baul-32l-piaggio-blanco-perla-566-503832768,elmotorista.es
H0CR22ST,8430358530102,Shad,Fijacion Top Master Honda Crf 250l 12/17,79.87,95.84,88.74,3,,https://estaticos.elmotorista.es/prod_images/shad/503517642art/shad/fijacion-top-master-honda-crf-250l-12-17-242763_200.webp,fijacion-top-master-honda-crf-250l-12-17-h0cr22st,elmotorista.es
BC.TRS.00.103.30000,4052572182338,Sw-motech,Bolsa Deposito Pro Gs 16/20l Ng,239.98,287.98,240.0,7,,https://estaticos.elmotorista.es/prod_images/sw-motech/505081875art/sw-motech/bolsa-deposito-pro-gs-16-20l-ng-446907_200.webp,bolsa-deposito-pro-gs-16-20l-ng-505081875,elmotorista.es
RE101O,5030009192821,Oxford,Cubierta Para Mochila Oxford Nj,22.49,26.99,24.99,3,,https://estaticos.elmotorista.es/prod_images/oxford/504588548art/oxford/cubierta-para-mochila-oxford-nj-499698_200.webp,cubierta-para-mochila-oxford-nj-re101o,elmotorista.es
CM273369,,Piaggio,Baul Vespa Gts 36l Blue Gray Lucid G01,298.33,358.0,339.01,1,,https://estaticos.elmotorista.es/prod_images/piaggio/504670572art/piaggio/baul-vespa-gts-36l-blue-gray-lucid-g01-394450_200.webp,baul-vespa-gts-36l-blue-gray-lucid-g01-504670572,elmotorista.es
K0PP18ST,8430358500549,Shad,Fijacion Top Master Kymco People S 125 18,40.27,48.32,44.75,3,,https://estaticos.elmotorista.es/prod_images/shad/504378569art/shad/fijacion-top-master-kymco-people-s-125-18-296577_200.webp,fijacion-top-master-kymco-people-s-125-18-k0pp18st,elmotorista.es
W0GG37ST,8430358651395,Shad,Fijacion Top Master Bmw G310 Gs 17/18,42.13,50.56,46.81,1,,https://estaticos.elmotorista.es/prod_images/shad/504292003art/shad/fijacion-top-master-bmw-g310-gs-17-18-412622_200.webp,fijacion-top-master-bmw-g310-gs-17-18-w0gg37st,elmotorista.es
D0S216ST,8430358057555,Shad,Soporte Maleta Daelim S-2 125/250 (06-12)   - Shad    D0s216st,45.8,54.96,50.89,6,,https://estaticos.elmotorista.es/prod_images/shad/502082052art/shad/fijacion-top-master-daelim-s-2-125-250-06-12-412685_200.webp,fijacion-top-master-daelim-s-2-125-250-06-12-d0s216st,elmotorista.es
BC.WPB.00.028.10000,4052572252963,Sw-motech,Bolsa Deposito Pro Micro Wp 4l,139.98,167.98,140.0,7,,https://estaticos.elmotorista.es/prod_images/sw-motech/505599105art/sw-motech/bolsa-deposito-pro-micro-wp-4l-446909_200.webp,bolsa-deposito-pro-micro-wp-4l-bc-wpb-00-028-10000,elmotorista.es
OL00401,5030009440137,Oxford,Mochila Atlas B-30 Advanced Ng ,191.25,229.5,212.5,2,,https://estaticos.elmotorista.es/prod_images/oxford/505674748art/oxford/mochila-atlas-b-30-advanced-ng-502496_200.webp,mochila-atlas-b-30-advanced-ng-ol00401,elmotorista.es
1B00107600PB,,Piaggio,Respaldo Baul Vespa Piel-Marron,212.96,255.55,242.0,1,,https://estaticos.elmotorista.es/prod_images/piaggio/503771626art/piaggio/respaldo-baul-vespa-piel-marron-306541_200.webp,respaldo-baul-vespa-piel-marron-1b00107600pb,elmotorista.es
BC.WPB.00.005.20000,4052572259795,Sw-motech,Riñonera Belt Wp Ng,35.01,42.01,,6,,https://estaticos.elmotorista.es/prod_images/sw-motech/505601320art/sw-motech/rinonera-belt-wp-ng-448777_200.webp,rinonera-belt-wp-ng-bc-wpb-00-005-20000,elmotorista.es
T0XP16ST,8430358652361,Shad,Fijacion Top Master Triumph Explorer 17/18,40.32,48.38,44.78,3,,https://estaticos.elmotorista.es/prod_images/shad/504292009art/shad/fijacion-top-master-triumph-explorer-17-18-272066_200.webp,fijacion-top-master-triumph-explorer-17-18-t0xp16st,elmotorista.es
D0B5009,,Shad,Maleta Shad Sh-50 Granate   -   D0b5009,283.14,339.77,314.6,2,,https://estaticos.elmotorista.es/prod_images/shad/501952454art/shad/baulete-sh-50-granate-2549_200.webp,maleta-shad-sh-50-granate-d0b5009-501952454,elmotorista.es
OBKN42A,8019606223272,Givi,Maleta Central Trekker Outback 42l Aluminio Monokey New,366.3,439.56,407.0,1,,https://estaticos.elmotorista.es/prod_images/givi/504312008art/givi/maleta-central-trekker-outback-42l-aluminio-monokey-new-277352_200.webp,maleta-central-trekker-outback-42l-aluminio-monokey-new-504312008,elmotorista.es
BA.55.ALP.A,8053045438262,Gpr,Baul Top Case Alpi Tech 55 Lt Plata C/Parrilla Universal,373.89,448.67,,+10,,https://estaticos.elmotorista.es/prod_images/gpr/505645950art/gpr/baul-top-case-alpi-tech-55-lt-plata-c-parrilla-universal-484960_200.webp,baul-top-case-alpi-tech-55-lt-plata-c-parrilla-universal-ba-55-alp-a,elmotorista.es
K0DT14ST,8430358700109,Shad,Fijación Top Master Kymco Downtown Gt 125 25,109.7,131.64,121.88,4,,https://estaticos.elmotorista.es/prod_images/shad/505676940art/shad/fijacion-top-master-kymco-downtown-gt-125-25-523233_200.webp,fijacion-top-master-kymco-downtown-gt-125-25-k0dt14st1,elmotorista.es
RE101Y,5030009192814,Oxford,Cubierta Para Mochila Oxford Am,22.49,26.99,24.99,3,,https://estaticos.elmotorista.es/prod_images/oxford/504588708art/oxford/cubierta-para-mochila-oxford-am-499689_200.webp,cubierta-para-mochila-oxford-am-re101y,elmotorista.es
OL241,5030009102417,Oxford,Bolsa Deposito Oxford Q20r Rapida,140.41,168.49,156.01,2,,https://estaticos.elmotorista.es/prod_images/oxford/504414627art/oxford/bolsa-deposito-oxford-q20r-rapida-308293_200.webp,bolsa-deposito-oxford-q20r-rapida-504414627,elmotorista.es
OBKEV58B,8019606349415,Givi,Maleta Central Trekker Outback Evo 58 Smart Negro,507.61,609.13,564.01,+10,,https://estaticos.elmotorista.es/prod_images/givi/505602290art/givi/maleta-central-trekker-outback-evo-58-smart-negro-478403_200.webp,maleta-central-trekker-outback-evo-58-smart-negro-obkev58b,elmotorista.es
A0L29T,,Shad,Soporte Fijacion Aprilia Leonardo 250 99-01-03,37.73,45.28,41.9,2,,https://estaticos.elmotorista.es/prod_images/shad/501585659art/shad/soporte-fijacion-aprilia-leonardo-250-99-01-03-186613_200.webp,soporte-fijacion-aprilia-leonardo-250-99-01-03-a0l29t,elmotorista.es
K0DW15ST,8430358605268,Shad,Fijacion Top Master Kymco Super Dink 125/350 16/20,67.42,80.9,74.91,3,,https://estaticos.elmotorista.es/prod_images/shad/503936864art/shad/fijacion-top-master-kymco-super-dink-125-350-16-18-235586_200.webp,fijacion-top-master-kymco-super-dink-125-350-16-18-k0dw15st,elmotorista.es
CM273347,,Piaggio,Baul 36l Vespa Gts Tour Rj Must 880/A,298.33,358.0,339.01,1,,https://estaticos.elmotorista.es/prod_images/piaggio/504385597art/piaggio/baul-36l-vespa-gts-tour-rj-must-880-a-501182_200.webp,baul-36l-vespa-gts-tour-rj-must-880-a-cm273347,elmotorista.es
Y0MT97ST,8430358644045,Shad,Fijacion Top Master Yamaha Mt 09 17,130.16,156.19,144.62,1,,https://estaticos.elmotorista.es/prod_images/shad/504189420art/shad/fijacion-top-master-yamaha-mt-09-17-262346_200.webp,fijacion-top-master-yamaha-mt-09-17-y0mt97st,elmotorista.es
K0PP58ST,8430358478381,Shad,Fijacion Top Master Kymco People S,9.26,11.11,10.29,2,,https://estaticos.elmotorista.es/prod_images/shad/502931611art/shad/fijacion-top-master-kymco-people-s-34758_200.webp,fijacion-top-master-kymco-people-s-k0pp58st1,elmotorista.es
BC.TRS.00.108.30000,4052572182307,Sw-motech,Bolsa Deposito Pro Daypack 5/8l Ng,149.99,179.99,150.0,+10,,https://estaticos.elmotorista.es/prod_images/sw-motech/505081686art/sw-motech/bolsa-deposito-pro-daypack-5-8l-ng-446904_200.webp,bolsa-deposito-pro-daypack-5-8l-bc-trs-00-108-30000,elmotorista.es
TRT.00.787.30400/B,4052572189382,Sw-motech,Anillo Deposito Pro Honda (5 Tornillos),30.0,36.0,,8,,https://estaticos.elmotorista.es/prod_images/sw-motech/505081697art/sw-motech/anillo-deposito-pro-honda-5-tornillos-447052_200.webp,anillo-deposito-pro-honda-5-tornillos-trt-00-787-30400-b,elmotorista.es
0390N,8435529347107,Puig,Cofre Big Box 60l. 430x430x310 Negro,96.79,116.15,96.8,+10,,https://estaticos.elmotorista.es/prod_images/puig/502834638art/puig/cofre-big-box-60l-430x430x310-negro-498847_200.webp,cofre-big-box-60l-430x430x310-negro-0390n,elmotorista.es
7548N,7548000000789,Puig,Cerradura C/Llave Baul Maxi/Big Box,9.87,11.84,,+10,,https://estaticos.elmotorista.es/prod_images/puig/503825778art/puig/cerradura-c-llave-baul-maxi-big-box-545217_200.webp,cerradura-c-llave-baul-maxi-big-box-7548n,elmotorista.es
TRT.00.787.30501/B,4052572197141,Sw-motech,Fijacion Asiento Anillo Deposito Pro Yamaha Mt03/Mt10/Mt125,30.0,36.0,,1,,https://estaticos.elmotorista.es/prod_images/sw-motech/505462189art/sw-motech/fijacion-asiento-anillo-deposito-pro-yamaha-mt03-mt10-mt125-447053_200.webp,fijacion-asiento-anillo-deposito-pro-yamaha-mt03-mt10-mt125-trt-00-787-30501-b,elmotorista.es
9329N,8436563736964,Puig,Base Metalica Maxi Box C/Cerradura Ng,36.08,43.3,,7,,https://estaticos.elmotorista.es/prod_images/puig/504171266art/puig/base-metalica-maxi-box-c-cerradura-ng-545238_200.webp,base-metalica-maxi-box-c-cerradura-ng-9329n,elmotorista.es
BC.HTA.00.307.30000,4052572197356,Sw-motech,Bolsa Trasera Pro Roadpack Ng/Gr Antr 8-14l,139.98,167.98,140.0,8,,https://estaticos.elmotorista.es/prod_images/sw-motech/505599781art/sw-motech/bolsa-trasera-pro-roadpack-ng-gr-antr-8-14l-447478_200.webp,bolsa-trasera-pro-roadpack-ng-gr-antr-8-14l-bc-hta-00-307-30000,elmotorista.es
20572N,8435529328427,Puig,Kit Instalacion Baules Puig Honda Pcx 125 18 ,66.84,80.21,66.85,1,,https://estaticos.elmotorista.es/prod_images/puig/505023156art/puig/kit-instalacion-baules-puig-honda-pcx-125-18-545337_200.webp,kit-instalacion-baules-puig-honda-pcx-125-18-20572n,elmotorista.es
TRT.00.475.30601/B,4052572045237,Sw-motech,Anillo Deposito Ion Ng,20.0,24.0,,7,,https://estaticos.elmotorista.es/prod_images/sw-motech/505598693art/sw-motech/anillo-deposito-ion-ng-447073_200.webp,anillo-deposito-ion-ng-trt-00-475-30601-b,elmotorista.es
KFT.07.664.30001/B,4052572051573,Sw-motech,Soporte Lateral Pro Bmw R1200gs 12/ R1250gs 18/,294.98,353.98,295.0,6,,https://estaticos.elmotorista.es/prod_images/sw-motech/505081880art/sw-motech/soporte-lateral-pro-bmw-r1200gs-12-r1250gs-18-449304_200.webp,soporte-lateral-pro-bmw-r1200gs-12-r1250gs-18-kft-07-664-30001-b,elmotorista.es
BC.HTA.29.980.30000/B,4052572225066,Sw-motech,"Sistema Maletas Laterales Urban Abs 2 Unid X 16,5l",539.95,647.94,540.0,2,,https://estaticos.elmotorista.es/prod_images/sw-motech/505600783art/sw-motech/sistema-maletas-laterales-urban-abs-2-unid-x-16-5l-450109_200.webp,sistema-maletas-laterales-urban-abs-2-unid-x-16-5l-bc-hta-29-980-30000-b,elmotorista.es
BC.SYS.08.363.21000/B,4052572231753,Sw-motech,Sistema Bolsas Sysbag Wp L/L,769.92,923.9,770.0,6,,https://estaticos.elmotorista.es/prod_images/sw-motech/505601221art/sw-motech/sistema-bolsas-sysbag-wp-l-l-450212_200.webp,sistema-bolsas-sysbag-wp-l-l-bc-sys-08-363-21000-b,elmotorista.es
ALK.00.733.10000L/S,4052572029381,Sw-motech,Maleta Lateral Izquierda Trax Adv L 45l Pl,399.98,479.98,400.0,7,,https://estaticos.elmotorista.es/prod_images/sw-motech/505081706art/sw-motech/maleta-lateral-izquierda-trax-adv-l-45l-pl-448087_200.webp,maleta-lateral-izquierda-trax-adv-l-45l-pl-alk-00-733-10000l-s,elmotorista.es
TRT.00.787.21200/B,4052572189344,Sw-motech,Anillo Deposito Pro Honda Cb500x 18 Ng,50.0,60.0,,6,,https://estaticos.elmotorista.es/prod_images/sw-motech/505081873art/sw-motech/anillo-deposito-pro-honda-cb500x-18-ng-447042_200.webp,anillo-deposito-pro-hnda-cb500x-18-ng-trt-00-787-21200-b,elmotorista.es
0713N,8435529347190,Puig,Cofre Big Box 90l. 500x500x330 Negro,108.97,130.76,108.98,3,,https://estaticos.elmotorista.es/prod_images/puig/502834641art/puig/cofre-big-box-90l-500x500x330-negro-498848_200.webp,cofre-big-box-90l-500x500x330-negro-0713n,elmotorista.es
1B008655,,Piaggio,Baul 52l Beverly Inyectado,514.95,617.94,515.0,3,,https://estaticos.elmotorista.es/prod_images/piaggio/504722865art/piaggio/baul-52l-beverly-inyectado-442945_200.webp,baul-52l-beverly-inyectado-1b008655,elmotorista.es
ALK.00.733.10000L/B,4052572029374,Sw-motech,Maleta Lateral Izquierda Trax Adv L 45l Ng,399.98,479.98,400.0,7,,https://estaticos.elmotorista.es/prod_images/sw-motech/505081701art/sw-motech/maleta-lateral-izquierda-trax-adv-l-45l-ng-448086_200.webp,maleta-lateral-izquierda-trax-adv-l-45l-ng-alk-00-733-10000l-b,elmotorista.es
GPT.07.897.19100/B,4052572054406,Sw-motech,Portaequipajes Adventure-Rack Ng,134.99,161.99,135.0,7,,https://estaticos.elmotorista.es/prod_images/sw-motech/505600666art/sw-motech/portaequipajes-adventure-rack-ng-448557_200.webp,portaequipajes-adventure-rack-ng-gpt-07-897-19100-b,elmotorista.es
ALK.00.733.11000R/S,4052572029442,Sw-motech,Maleta Lateral Derecha Trax Adv M 37l Pl,399.98,479.98,400.0,6,,https://estaticos.elmotorista.es/prod_images/sw-motech/505081704art/sw-motech/maleta-lateral-derecha-trax-adv-m-37l-pl-448088_200.webp,maleta-lateral-derecha-trax-adv-m-37l-pl-alk-00-733-11000r-s,elmotorista.es
BC.RUC.00.004.30000,4052572223574,Sw-motech,Mochila Pro Cosmo 16l Ng/Gr Antr,139.98,167.98,140.0,5,,https://estaticos.elmotorista.es/prod_images/sw-motech/505598789art/sw-motech/mochila-pro-cosmo-16l-ng-gr-antr-448232_200.webp,mochila-pro-cosmo-16l-ng-gr-antr-bc-ruc-00-004-30000,elmotorista.es
KFT.04.835.30000/B,4052572213742,Sw-motech,Soporte Lateral Pro Ktm Super Adventure 21,289.98,347.98,290.0,6,,https://estaticos.elmotorista.es/prod_images/sw-motech/505081882art/sw-motech/soporte-lateral-pro-ktm-super-adventure-21-449290_200.webp,soporte-lateral-pro-ktm-super-adventure-21-kft-04-835-30000-b,elmotorista.es
ALK.00.733.15000/B,4052572029459,Sw-motech,Maleta Trax Adv 38l Ng,399.98,479.98,400.0,7,,https://estaticos.elmotorista.es/prod_images/sw-motech/505081696art/sw-motech/maleta-trax-adv-38l-ng-449543_200.webp,maleta-trax-adv-38l-ng-alk-00-733-15000-b,elmotorista.es
BC.TRS.00.110.30000,4052572182345,Sw-motech,Bolsa Deposito Pro Sw Motech ,129.99,155.99,130.0,5,,https://estaticos.elmotorista.es/prod_images/sw-motech/505047557art/sw-motech/bolsa-deposito-pro-sw-motech-446908_200.webp,bolsa-deposito-pro-sw-motech-bc-trs-00-110-30000,elmotorista.es
BC.HTA.01.740.30700,4052572199503,Sw-motech,Set Alforjas Pro Blaze Ng,379.96,455.95,380.0,5,,https://estaticos.elmotorista.es/prod_images/sw-motech/505601954art/sw-motech/set-alforjas-pro-blaze-ng-450379_200.webp,set-alforjas-pro-blaze-ng-bc-hta-01-740-30700,elmotorista.es
TRT.00.787.21100/B,4052572189337,Sw-motech,Anillo Deposito Pro Ng,30.0,36.0,,6,,https://estaticos.elmotorista.es/prod_images/sw-motech/505599333art/sw-motech/anillo-deposito-pro-ng-447041_200.webp,anillo-deposito-pro-ng-trt-00-787-21100-b,elmotorista.es
S.2.SIDE.38.32.ALP.B,8053045499546,Gpr,Maletas Laterales 38-32 Lts Aluminio Negro C/Portaequipaje Suzuki V-Strom Dl 650 21-24 E5,762.3,914.76,,3,,https://estaticos.elmotorista.es/prod_images/gpr/505646255art/gpr/maletas-laterales-38-32-lts-aluminio-negro-c-portaequipaje-suzuki-v-strom-dl-650-21-24-e5-506082_200.webp,maletas-laterales-38-32-lts-aluminio-negro-c-portaequipaje-suzuki-v-strom-dl-650-21-24-e5-s-2-side-38-32-alp-b,elmotorista.es
GPT.00.152.35401/B,4052572234389,Sw-motech,Kit Adaptadores Portaequipaje Adventure-Rack Ng,25.0,30.0,,7,,https://estaticos.elmotorista.es/prod_images/sw-motech/505598937art/sw-motech/kit-adaptadores-portaequipaje-adventure-rack-ng-447894_200.webp,kit-adaptadores-portaequipaje-adventure-rack-ng-gpt-00-152-35401-b,elmotorista.es
TRT.00.475.16001/B,4052572217979,Sw-motech,Anillo Deposito Ion Ng,15.0,18.0,,3,,https://estaticos.elmotorista.es/prod_images/sw-motech/505598681art/sw-motech/anillo-deposito-ion-ng-447061_200.webp,anillo-deposito-ion-ng-trt-00-475-16001-b,elmotorista.es
BC.SYS.05.845.31000/B,4052572248980,Sw-motech,Bolsas Laterales Sysbag Wp M/M. Suzuki V-Strom 800 22,619.94,743.93,620.0,1,,https://estaticos.elmotorista.es/prod_images/sw-motech/505459149art/sw-motech/bolsas-laterales-sysbag-wp-m-m-suzuki-v-strom-800-22-450774_200.webp,bolsas-laterales-sysbag-wp-m-m-suzuki-v-strom-800-22-bc-sys-05-845-31000-b,elmotorista.es
BC.TRS.00.112.30000,4052572182291,Sw-motech,Bolsa Deposito C/Correas Pro Enduro 12-15l,129.99,155.99,130.0,6,,https://estaticos.elmotorista.es/prod_images/sw-motech/505599097art/sw-motech/bolsa-deposito-c-correas-pro-enduro-12-15l-446895_200.webp,bolsa-deposito-c-correas-pro-enduro-12-15l-bc-trs-00-112-30000,elmotorista.es
BA.55.ALP.B,8053045438293,Gpr,Baul Top Case Alpi Tech 55 Lt Ng C/Parrill A Universal,373.89,448.67,,+10,,https://estaticos.elmotorista.es/prod_images/gpr/505645954art/gpr/baul-top-case-alpi-tech-55-lt-ng-c-parrill-a-universal-506156_200.webp,baul-top-case-alpi-tech-55-lt-ng-c-parrill-a-universal-ba-55-alp-b,elmotorista.es
3555N,8435529310613,Puig,Tira De Goma Interior Baules 2328/3108 Ng,4.65,5.58,,9,,https://estaticos.elmotorista.es/prod_images/puig/504703644art/puig/tira-de-goma-interior-baules-2328-3108-ng-545239_200.webp,tira-de-goma-interior-baules-2328-3108-ng-3555n,elmotorista.es
GPT.07.954.19000/B,4052572195512,Sw-motech,Portaequipaje Adventure-Rack Bmw S1000xr 2x99 19-24,139.98,167.98,140.0,6,,https://estaticos.elmotorista.es/prod_images/sw-motech/505465557art/sw-motech/portaequipaje-adventure-rack-bmw-s1000xr-2x99-19-24-448461_200.webp,portaequipaje-adventure-rack-bmw-s1000xr-2x99-19-24-gpt-07-954-19000-b,elmotorista.es
62002903150,9010152644930,Ktm,Bolsa Grande Gps/Pda Ktm,19.96,23.95,,1,,https://estaticos.elmotorista.es/prod_images/ktm/503157674art/ktm/bolsa-grande-gps-pda-ktm-106551_200.webp,bolsa-grande-gps-pda-ktm-503157674,elmotorista.es
60612910044,9010152678966,Ktm-husqvarna,Parrila Topcase,129.03,154.84,129.05,1,,https://estaticos.elmotorista.es/prod_images/ktm-husqvarna/503796150art/ktm-husqvarna/parrila-topcase-285916_200.webp,parrila-topcase-60612910044,elmotorista.es
TRT.00.475.11001/B,4052572025604,Sw-motech,Anillo Deposito Quick-Lock Ng,15.0,18.0,,6,,https://estaticos.elmotorista.es/prod_images/sw-motech/505599532art/sw-motech/anillo-deposito-quick-lock-ng-446971_200.webp,anillo-deposito-quick-lock-ng-trt-00-475-11001-b,elmotorista.es
TRT.00.787.10100/B,4052572181720,Sw-motech,Elemento Elevacion Anillo Deposito Pro Ng,8.0,9.6,,6,,https://estaticos.elmotorista.es/prod_images/sw-motech/505598454art/sw-motech/elemento-elevacion-anillo-deposito-pro-ng-447199_200.webp,elemento-elevacion-anillo-deposito-pro-ng-trt-00-787-10100-b,elmotorista.es
GPT.04.835.19000/B,4052572213575,Sw-motech,Portaequipaje Adventure-Rack Ktm 1290 Super Adventure 21/,169.98,203.98,170.0,7,,https://estaticos.elmotorista.es/prod_images/sw-motech/505081885art/sw-motech/portaequipaje-adventure-rack-ktm-1290-super-adventure-21-448454_200.webp,portaequipaje-adventure-rack-ktm-1290-super-adventure-21-gpt-04-835-19000-b,elmotorista.es
BC.HTA.05.740.30400,4052572199688,Sw-motech,Set Alforjas Pro Blaze H Ng,379.96,455.95,380.0,1,,https://estaticos.elmotorista.es/prod_images/sw-motech/505601021art/sw-motech/set-alforjas-pro-blaze-h-ng-450185_200.webp,set-alforjas-pro-blaze-h-ng-bc-hta-05-740-30400,elmotorista.es
TRT.00.787.21600/B,4052572213728,Sw-motech,Anillo Deposito Pro Ktm 1290 Super Adventure 21/,30.0,36.0,,4,,https://estaticos.elmotorista.es/prod_images/sw-motech/505443585art/sw-motech/anillo-deposito-pro-ktm-1290-super-adventure-21-447045_200.webp,anillo-deposito-pro-ktm-1290-super-adventure-21-trt-00-787-21600-b,elmotorista.es
SRA5106,8019606157867,Givi,Adaptador Top Mk C/Mk  Bmw C650 Gt 12/18,135.13,162.16,163.5,--,,https://estaticos.elmotorista.es/prod_images/givi/503700027art/givi/adaptador-top-mk-c-mk-bmw-c650-gt-12-18-139590_200.webp,adaptador-top-mk-c-mk-bmw-c650-gt-12-18-sra5106,elmotorista.es
SR2173,8019606402622,Givi,Adaptador Superior Yamaha Mt-07 25,172.74,207.29,209.0,--,,https://estaticos.elmotorista.es/prod_images/givi/505772009art/givi/adaptador-superior-yamaha-mt-07-25-522526_200.webp,adaptador-superior-yamaha-mt-07-25-sr2173,elmotorista.es
CM273384,,Piaggio,Baul 36l  Vespa  Gts Super T.-G.G23/G3b,298.33,358.0,339.01,--,,https://estaticos.elmotorista.es/prod_images/piaggio/505098281art/piaggio/baul-36l-vespa-gts-super-t-g-g23-g3b-443065_200.webp,baul-36l-vespa-gts-super-t-g-g23-g3b-505098281,elmotorista.es
CM273377,,Piaggio,Baul Vespa 36l Negro 90 (94),298.33,358.0,339.01,--,,https://estaticos.elmotorista.es/prod_images/piaggio/505081223art/piaggio/baul-vespa-36l-negro-90-94-396574_200.webp,baul-vespa-36l-negro-90-94-cm273377,elmotorista.es
